
*** Running vivado
    with args -log Nexys4DdrUserDemo.vds -m64 -product Vivado -mode batch -messageDb vivado.pb -notrace -source Nexys4DdrUserDemo.tcl



****** Vivado v2025.2 (64-bit)
  **** SW Build 6299465 on Fri Nov 14 19:35:11 GMT 2025
  **** IP Build 6300035 on Fri Nov 14 10:48:45 MST 2025
  **** SharedData Build 6298862 on Thu Nov 13 04:50:51 MST 2025
  **** Start of session at: Sat May 30 14:59:16 2026
    ** Copyright 1986-2022 Xilinx, Inc. All Rights Reserved.
    ** Copyright 2022-2025 Advanced Micro Devices, Inc. All Rights Reserved.

source Nexys4DdrUserDemo.tcl -notrace
INFO: [IP_Flow 19-234] Refreshing IP repositories
WARNING: [IP_Flow 19-2248] Failed to load user IP repository 'c:/CM/VHDL_Study_Hall/Demo_OutOfBoxHardwareShowcase/hw.runs/synth_1/repo'; Can't find the specified path.
If this directory should no longer be in your list of user repositories, go to the IP Settings dialog and remove it.
INFO: [IP_Flow 19-2313] Loaded Vivado IP repository 'C:/AMDDesignTools/2025.2/Vivado/data/ip'.
Command: read_checkpoint -auto_incremental -incremental C:/CM/VHDL_Study_Hall/Demo_OutOfBoxHardwareShowcase/hw.srcs/utils_1/imports/synth_1/Nexys4DdrUserDemo.dcp
INFO: [Vivado 12-5825] Read reference checkpoint from C:/CM/VHDL_Study_Hall/Demo_OutOfBoxHardwareShowcase/hw.srcs/utils_1/imports/synth_1/Nexys4DdrUserDemo.dcp for incremental synthesis
INFO: [Vivado 12-7989] Please ensure there are no constraint changes
Command: synth_design -top Nexys4DdrUserDemo -part xc7a100tcsg324-1
Starting synth_design
INFO: [IP_Flow 19-2162] IP 'BRAM_1' is locked:
* IP definition 'Block Memory Generator (8.4)' for IP 'BRAM_1' (customized with software release 2025.1) has a different revision in the IP Catalog.
INFO: [IP_Flow 19-2162] IP 'Square_Root' is locked:
* IP definition 'CORDIC (6.0)' for IP 'Square_Root' (customized with software release 2025.1) has a different revision in the IP Catalog.
INFO: [IP_Flow 19-2162] IP 'ClkGen' is locked:
* IP definition 'Clocking Wizard (6.0)' for IP 'ClkGen' (customized with software release 2025.1) has a different revision in the IP Catalog.
Attempting to get a license for feature 'Synthesis' and/or device 'xc7a100t'
INFO: [Common 17-349] Got license for feature 'Synthesis' and/or device 'xc7a100t'
WARNING: [Vivado_Tcl 4-1809] The reference checkpoint is from an old version of Vivado; A full resynthesis flow will be run
INFO: [Device 21-403] Loading part xc7a100tcsg324-1
INFO: [Designutils 20-5440] No compile time benefit to using incremental synthesis; A full resynthesis will be run
INFO: [Designutils 20-4379] Flow is switching to default flow due to incremental criteria not met. If you would like to alter this behaviour and have the flow terminate instead, please set the following parameter config_implementation {autoIncr.Synth.RejectBehavior Terminate}
INFO: [Synth 8-7079] Multithreading enabled for synth_design using a maximum of 2 processes.
INFO: [Synth 8-7078] Launching helper process for spawning children vivado processes
INFO: [Synth 8-7075] Helper process launched with PID 17332
---------------------------------------------------------------------------------
Starting RTL Elaboration : Time (s): cpu = 00:00:04 ; elapsed = 00:00:04 . Memory (MB): peak = 1315.457 ; gain = 542.398
---------------------------------------------------------------------------------
WARNING: [Synth 8-10515] begin/end is required for generate-for in this mode of Verilog [c:/CM/VHDL_Study_Hall/Demo_OutOfBoxHardwareShowcase/hw.gen/sources_1/ip/ddr/ddr/user_design/rtl/controller/mig_7series_v4_2_arb_row_col.v:253]
INFO: [Synth 8-638] synthesizing module 'Nexys4DdrUserDemo' [C:/CM/VHDL_Study_Hall/Demo_OutOfBoxHardwareShowcase/hw.srcs/sources_1/imports/src/hdl/top.vhd:141]
INFO: [Synth 8-3491] module 'ClkGen' declared at 'C:/CM/VHDL_Study_Hall/Demo_OutOfBoxHardwareShowcase/hw.runs/synth_1/.Xil/Vivado-24344-DESKTOP-3778IF0/realtime/ClkGen_stub.vhdl:6' bound to instance 'Inst_ClkGen' of component 'ClkGen' [C:/CM/VHDL_Study_Hall/Demo_OutOfBoxHardwareShowcase/hw.srcs/sources_1/imports/src/hdl/top.vhd:394]
INFO: [Synth 8-638] synthesizing module 'ClkGen' [C:/CM/VHDL_Study_Hall/Demo_OutOfBoxHardwareShowcase/hw.runs/synth_1/.Xil/Vivado-24344-DESKTOP-3778IF0/realtime/ClkGen_stub.vhdl:19]
INFO: [Synth 8-3491] module 'RgbLed' declared at 'C:/CM/VHDL_Study_Hall/Demo_OutOfBoxHardwareShowcase/hw.srcs/sources_1/imports/src/hdl/RgbLed.vhd:28' bound to instance 'Inst_RGB' of component 'RgbLed' [C:/CM/VHDL_Study_Hall/Demo_OutOfBoxHardwareShowcase/hw.srcs/sources_1/imports/src/hdl/top.vhd:407]
INFO: [Synth 8-638] synthesizing module 'RgbLed' [C:/CM/VHDL_Study_Hall/Demo_OutOfBoxHardwareShowcase/hw.srcs/sources_1/imports/src/hdl/RgbLed.vhd:53]
INFO: [Synth 8-3491] module 'Pwm' declared at 'C:/CM/VHDL_Study_Hall/Demo_OutOfBoxHardwareShowcase/hw.srcs/sources_1/imports/src/hdl/Pwm.vhd:28' bound to instance 'PwmRed' of component 'Pwm' [C:/CM/VHDL_Study_Hall/Demo_OutOfBoxHardwareShowcase/hw.srcs/sources_1/imports/src/hdl/RgbLed.vhd:138]
INFO: [Synth 8-638] synthesizing module 'Pwm' [C:/CM/VHDL_Study_Hall/Demo_OutOfBoxHardwareShowcase/hw.srcs/sources_1/imports/src/hdl/Pwm.vhd:36]
INFO: [Synth 8-256] done synthesizing module 'Pwm' (0#1) [C:/CM/VHDL_Study_Hall/Demo_OutOfBoxHardwareShowcase/hw.srcs/sources_1/imports/src/hdl/Pwm.vhd:36]
INFO: [Synth 8-3491] module 'Pwm' declared at 'C:/CM/VHDL_Study_Hall/Demo_OutOfBoxHardwareShowcase/hw.srcs/sources_1/imports/src/hdl/Pwm.vhd:28' bound to instance 'PwmGreen' of component 'Pwm' [C:/CM/VHDL_Study_Hall/Demo_OutOfBoxHardwareShowcase/hw.srcs/sources_1/imports/src/hdl/RgbLed.vhd:144]
INFO: [Synth 8-3491] module 'Pwm' declared at 'C:/CM/VHDL_Study_Hall/Demo_OutOfBoxHardwareShowcase/hw.srcs/sources_1/imports/src/hdl/Pwm.vhd:28' bound to instance 'PwmBlue' of component 'Pwm' [C:/CM/VHDL_Study_Hall/Demo_OutOfBoxHardwareShowcase/hw.srcs/sources_1/imports/src/hdl/RgbLed.vhd:150]
	Parameter NR_OF_CLKS bound to: 4095 - type: integer 
INFO: [Synth 8-3491] module 'Dbncr' declared at 'C:/CM/VHDL_Study_Hall/Demo_OutOfBoxHardwareShowcase/hw.srcs/sources_1/imports/src/hdl/Dbncr.vhd:35' bound to instance 'Btn1' of component 'Dbncr' [C:/CM/VHDL_Study_Hall/Demo_OutOfBoxHardwareShowcase/hw.srcs/sources_1/imports/src/hdl/RgbLed.vhd:157]
INFO: [Synth 8-638] synthesizing module 'Dbncr' [C:/CM/VHDL_Study_Hall/Demo_OutOfBoxHardwareShowcase/hw.srcs/sources_1/imports/src/hdl/Dbncr.vhd:46]
	Parameter NR_OF_CLKS bound to: 4095 - type: integer 
INFO: [Synth 8-256] done synthesizing module 'Dbncr' (0#1) [C:/CM/VHDL_Study_Hall/Demo_OutOfBoxHardwareShowcase/hw.srcs/sources_1/imports/src/hdl/Dbncr.vhd:46]
	Parameter NR_OF_CLKS bound to: 4095 - type: integer 
INFO: [Synth 8-3491] module 'Dbncr' declared at 'C:/CM/VHDL_Study_Hall/Demo_OutOfBoxHardwareShowcase/hw.srcs/sources_1/imports/src/hdl/Dbncr.vhd:35' bound to instance 'Btn2' of component 'Dbncr' [C:/CM/VHDL_Study_Hall/Demo_OutOfBoxHardwareShowcase/hw.srcs/sources_1/imports/src/hdl/RgbLed.vhd:165]
	Parameter NR_OF_CLKS bound to: 4095 - type: integer 
INFO: [Synth 8-3491] module 'Dbncr' declared at 'C:/CM/VHDL_Study_Hall/Demo_OutOfBoxHardwareShowcase/hw.srcs/sources_1/imports/src/hdl/Dbncr.vhd:35' bound to instance 'Btn3' of component 'Dbncr' [C:/CM/VHDL_Study_Hall/Demo_OutOfBoxHardwareShowcase/hw.srcs/sources_1/imports/src/hdl/RgbLed.vhd:173]
	Parameter NR_OF_CLKS bound to: 4095 - type: integer 
INFO: [Synth 8-3491] module 'Dbncr' declared at 'C:/CM/VHDL_Study_Hall/Demo_OutOfBoxHardwareShowcase/hw.srcs/sources_1/imports/src/hdl/Dbncr.vhd:35' bound to instance 'Btn4' of component 'Dbncr' [C:/CM/VHDL_Study_Hall/Demo_OutOfBoxHardwareShowcase/hw.srcs/sources_1/imports/src/hdl/RgbLed.vhd:181]
INFO: [Synth 8-256] done synthesizing module 'RgbLed' (0#1) [C:/CM/VHDL_Study_Hall/Demo_OutOfBoxHardwareShowcase/hw.srcs/sources_1/imports/src/hdl/RgbLed.vhd:53]
INFO: [Synth 8-3491] module 'sSegDemo' declared at 'C:/CM/VHDL_Study_Hall/Demo_OutOfBoxHardwareShowcase/hw.srcs/sources_1/imports/src/hdl/sSegDemo.vhd:28' bound to instance 'Inst_SevenSeg' of component 'sSegDemo' [C:/CM/VHDL_Study_Hall/Demo_OutOfBoxHardwareShowcase/hw.srcs/sources_1/imports/src/hdl/top.vhd:429]
INFO: [Synth 8-638] synthesizing module 'sSegDemo' [C:/CM/VHDL_Study_Hall/Demo_OutOfBoxHardwareShowcase/hw.srcs/sources_1/imports/src/hdl/sSegDemo.vhd:37]
INFO: [Synth 8-3491] module 'sSegDisplay' declared at 'C:/CM/VHDL_Study_Hall/Demo_OutOfBoxHardwareShowcase/hw.srcs/sources_1/imports/src/hdl/sSegDisplay.vhd:39' bound to instance 'Disp' of component 'sSegDisplay' [C:/CM/VHDL_Study_Hall/Demo_OutOfBoxHardwareShowcase/hw.srcs/sources_1/imports/src/hdl/sSegDemo.vhd:64]
INFO: [Synth 8-638] synthesizing module 'sSegDisplay' [C:/CM/VHDL_Study_Hall/Demo_OutOfBoxHardwareShowcase/hw.srcs/sources_1/imports/src/hdl/sSegDisplay.vhd:46]
INFO: [Synth 8-256] done synthesizing module 'sSegDisplay' (0#1) [C:/CM/VHDL_Study_Hall/Demo_OutOfBoxHardwareShowcase/hw.srcs/sources_1/imports/src/hdl/sSegDisplay.vhd:46]
INFO: [Synth 8-256] done synthesizing module 'sSegDemo' (0#1) [C:/CM/VHDL_Study_Hall/Demo_OutOfBoxHardwareShowcase/hw.srcs/sources_1/imports/src/hdl/sSegDemo.vhd:37]
INFO: [Synth 8-3491] module 'AudioDemo' declared at 'C:/CM/VHDL_Study_Hall/Demo_OutOfBoxHardwareShowcase/hw.srcs/sources_1/imports/src/hdl/AudioDemo.vhd:45' bound to instance 'Inst_Audio' of component 'AudioDemo' [C:/CM/VHDL_Study_Hall/Demo_OutOfBoxHardwareShowcase/hw.srcs/sources_1/imports/src/hdl/top.vhd:440]
INFO: [Synth 8-638] synthesizing module 'AudioDemo' [C:/CM/VHDL_Study_Hall/Demo_OutOfBoxHardwareShowcase/hw.srcs/sources_1/imports/src/hdl/AudioDemo.vhd:87]
	Parameter NR_OF_CLKS bound to: 4095 - type: integer 
INFO: [Synth 8-3491] module 'Dbncr' declared at 'C:/CM/VHDL_Study_Hall/Demo_OutOfBoxHardwareShowcase/hw.srcs/sources_1/imports/src/hdl/Dbncr.vhd:35' bound to instance 'Btnu' of component 'Dbncr' [C:/CM/VHDL_Study_Hall/Demo_OutOfBoxHardwareShowcase/hw.srcs/sources_1/imports/src/hdl/AudioDemo.vhd:297]
	Parameter C_NR_OF_BITS bound to: 16 - type: integer 
	Parameter C_SYS_CLK_FREQ_MHZ bound to: 100 - type: integer 
	Parameter C_PDM_FREQ_HZ bound to: 2000000 - type: integer 
INFO: [Synth 8-3491] module 'PdmDes' declared at 'C:/CM/VHDL_Study_Hall/Demo_OutOfBoxHardwareShowcase/hw.srcs/sources_1/imports/src/hdl/PdmDes.vhd:39' bound to instance 'Deserializer' of component 'PdmDes' [C:/CM/VHDL_Study_Hall/Demo_OutOfBoxHardwareShowcase/hw.srcs/sources_1/imports/src/hdl/AudioDemo.vhd:308]
INFO: [Synth 8-638] synthesizing module 'PdmDes' [C:/CM/VHDL_Study_Hall/Demo_OutOfBoxHardwareShowcase/hw.srcs/sources_1/imports/src/hdl/PdmDes.vhd:61]
	Parameter C_NR_OF_BITS bound to: 16 - type: integer 
	Parameter C_SYS_CLK_FREQ_MHZ bound to: 100 - type: integer 
	Parameter C_PDM_FREQ_HZ bound to: 2000000 - type: integer 
INFO: [Synth 8-256] done synthesizing module 'PdmDes' (0#1) [C:/CM/VHDL_Study_Hall/Demo_OutOfBoxHardwareShowcase/hw.srcs/sources_1/imports/src/hdl/PdmDes.vhd:61]
	Parameter C_RW_CYCLE_NS bound to: 1200 - type: integer 
INFO: [Synth 8-3491] module 'RamCntrl' declared at 'C:/CM/VHDL_Study_Hall/Demo_OutOfBoxHardwareShowcase/hw.srcs/sources_1/imports/src/hdl/RamCntrl.vhd:23' bound to instance 'RAM' of component 'RamCntrl' [C:/CM/VHDL_Study_Hall/Demo_OutOfBoxHardwareShowcase/hw.srcs/sources_1/imports/src/hdl/AudioDemo.vhd:327]
INFO: [Synth 8-638] synthesizing module 'RamCntrl' [C:/CM/VHDL_Study_Hall/Demo_OutOfBoxHardwareShowcase/hw.srcs/sources_1/imports/src/hdl/RamCntrl.vhd:54]
	Parameter C_RW_CYCLE_NS bound to: 1200 - type: integer 
INFO: [Synth 8-226] default block is never used [C:/CM/VHDL_Study_Hall/Demo_OutOfBoxHardwareShowcase/hw.srcs/sources_1/imports/src/hdl/RamCntrl.vhd:134]
INFO: [Synth 8-256] done synthesizing module 'RamCntrl' (0#1) [C:/CM/VHDL_Study_Hall/Demo_OutOfBoxHardwareShowcase/hw.srcs/sources_1/imports/src/hdl/RamCntrl.vhd:54]
INFO: [Synth 8-3491] module 'Ram2Ddr' declared at 'C:/CM/VHDL_Study_Hall/Demo_OutOfBoxHardwareShowcase/hw.srcs/sources_1/imports/src/hdl/Ram2Ddr.vhd:26' bound to instance 'DDR' of component 'Ram2Ddr' [C:/CM/VHDL_Study_Hall/Demo_OutOfBoxHardwareShowcase/hw.srcs/sources_1/imports/src/hdl/AudioDemo.vhd:353]
INFO: [Synth 8-638] synthesizing module 'Ram2Ddr' [C:/CM/VHDL_Study_Hall/Demo_OutOfBoxHardwareShowcase/hw.srcs/sources_1/imports/src/hdl/Ram2Ddr.vhd:61]
INFO: [Synth 8-3491] module 'ddr' declared at 'c:/CM/VHDL_Study_Hall/Demo_OutOfBoxHardwareShowcase/hw.gen/sources_1/ip/ddr/ddr/user_design/rtl/ddr.vhd:72' bound to instance 'Inst_DDR' of component 'ddr' [C:/CM/VHDL_Study_Hall/Demo_OutOfBoxHardwareShowcase/hw.srcs/sources_1/imports/src/hdl/Ram2Ddr.vhd:192]
INFO: [Synth 8-638] synthesizing module 'ddr' [c:/CM/VHDL_Study_Hall/Demo_OutOfBoxHardwareShowcase/hw.gen/sources_1/ip/ddr/ddr/user_design/rtl/ddr.vhd:116]
INFO: [Synth 8-3491] module 'ddr_mig' declared at 'c:/CM/VHDL_Study_Hall/Demo_OutOfBoxHardwareShowcase/hw.gen/sources_1/ip/ddr/ddr/user_design/rtl/ddr_mig.vhd:76' bound to instance 'u_ddr_mig' of component 'ddr_mig' [c:/CM/VHDL_Study_Hall/Demo_OutOfBoxHardwareShowcase/hw.gen/sources_1/ip/ddr/ddr/user_design/rtl/ddr.vhd:169]
INFO: [Synth 8-638] synthesizing module 'ddr_mig' [c:/CM/VHDL_Study_Hall/Demo_OutOfBoxHardwareShowcase/hw.gen/sources_1/ip/ddr/ddr/user_design/rtl/ddr_mig.vhd:521]
	Parameter TCQ bound to: 100 - type: integer 
	Parameter IODELAY_GRP0 bound to: DDR_IODELAY_MIG0 - type: string 
	Parameter IODELAY_GRP1 bound to: DDR_IODELAY_MIG1 - type: string 
	Parameter REFCLK_TYPE bound to: USE_SYSTEM_CLOCK - type: string 
	Parameter SYSCLK_TYPE bound to: NO_BUFFER - type: string 
	Parameter SYS_RST_PORT bound to: FALSE - type: string 
	Parameter RST_ACT_LOW bound to: 1 - type: integer 
	Parameter DIFF_TERM_REFCLK bound to: TRUE - type: string 
	Parameter FPGA_SPEED_GRADE bound to: 1 - type: integer 
	Parameter REF_CLK_MMCM_IODELAY_CTRL bound to: FALSE - type: string 
INFO: [Synth 8-3491] module 'mig_7series_v4_2_iodelay_ctrl' declared at 'c:/CM/VHDL_Study_Hall/Demo_OutOfBoxHardwareShowcase/hw.gen/sources_1/ip/ddr/ddr/user_design/rtl/clocking/mig_7series_v4_2_iodelay_ctrl.v:80' bound to instance 'u_iodelay_ctrl' of component 'mig_7series_v4_2_iodelay_ctrl' [c:/CM/VHDL_Study_Hall/Demo_OutOfBoxHardwareShowcase/hw.gen/sources_1/ip/ddr/ddr/user_design/rtl/ddr_mig.vhd:1155]
INFO: [Synth 8-6157] synthesizing module 'mig_7series_v4_2_iodelay_ctrl' [c:/CM/VHDL_Study_Hall/Demo_OutOfBoxHardwareShowcase/hw.gen/sources_1/ip/ddr/ddr/user_design/rtl/clocking/mig_7series_v4_2_iodelay_ctrl.v:80]
	Parameter TCQ bound to: 100 - type: integer 
	Parameter IODELAY_GRP0 bound to: DDR_IODELAY_MIG0 - type: string 
	Parameter IODELAY_GRP1 bound to: DDR_IODELAY_MIG1 - type: string 
	Parameter REFCLK_TYPE bound to: USE_SYSTEM_CLOCK - type: string 
	Parameter SYSCLK_TYPE bound to: NO_BUFFER - type: string 
	Parameter SYS_RST_PORT bound to: FALSE - type: string 
	Parameter RST_ACT_LOW bound to: 1 - type: integer 
	Parameter DIFF_TERM_REFCLK bound to: TRUE - type: string 
	Parameter FPGA_SPEED_GRADE bound to: 1 - type: integer 
	Parameter REF_CLK_MMCM_IODELAY_CTRL bound to: FALSE - type: string 
INFO: [Synth 8-6157] synthesizing module 'IDELAYCTRL' [C:/AMDDesignTools/2025.2/Vivado/scripts/rt/data/unisim_comp.v:85096]
INFO: [Synth 8-6155] done synthesizing module 'IDELAYCTRL' (0#1) [C:/AMDDesignTools/2025.2/Vivado/scripts/rt/data/unisim_comp.v:85096]
INFO: [Synth 8-6155] done synthesizing module 'mig_7series_v4_2_iodelay_ctrl' (0#1) [c:/CM/VHDL_Study_Hall/Demo_OutOfBoxHardwareShowcase/hw.gen/sources_1/ip/ddr/ddr/user_design/rtl/clocking/mig_7series_v4_2_iodelay_ctrl.v:80]
	Parameter SYSCLK_TYPE bound to: NO_BUFFER - type: string 
	Parameter DIFF_TERM_SYSCLK bound to: TRUE - type: string 
INFO: [Synth 8-3491] module 'mig_7series_v4_2_clk_ibuf' declared at 'c:/CM/VHDL_Study_Hall/Demo_OutOfBoxHardwareShowcase/hw.gen/sources_1/ip/ddr/ddr/user_design/rtl/clocking/mig_7series_v4_2_clk_ibuf.v:68' bound to instance 'u_ddr2_clk_ibuf' of component 'mig_7series_v4_2_clk_ibuf' [c:/CM/VHDL_Study_Hall/Demo_OutOfBoxHardwareShowcase/hw.gen/sources_1/ip/ddr/ddr/user_design/rtl/ddr_mig.vhd:1181]
INFO: [Synth 8-6157] synthesizing module 'mig_7series_v4_2_clk_ibuf' [c:/CM/VHDL_Study_Hall/Demo_OutOfBoxHardwareShowcase/hw.gen/sources_1/ip/ddr/ddr/user_design/rtl/clocking/mig_7series_v4_2_clk_ibuf.v:68]
	Parameter SYSCLK_TYPE bound to: NO_BUFFER - type: string 
	Parameter DIFF_TERM_SYSCLK bound to: TRUE - type: string 
INFO: [Synth 8-6155] done synthesizing module 'mig_7series_v4_2_clk_ibuf' (0#1) [c:/CM/VHDL_Study_Hall/Demo_OutOfBoxHardwareShowcase/hw.gen/sources_1/ip/ddr/ddr/user_design/rtl/clocking/mig_7series_v4_2_clk_ibuf.v:68]
	Parameter TCQ bound to: 100 - type: integer 
	Parameter TEMP_MON_CONTROL bound to: EXTERNAL - type: string 
	Parameter XADC_CLK_PERIOD bound to: 5000 - type: integer 
	Parameter tTEMPSAMPLE bound to: 10000000 - type: integer 
INFO: [Synth 8-3491] module 'mig_7series_v4_2_tempmon' declared at 'c:/CM/VHDL_Study_Hall/Demo_OutOfBoxHardwareShowcase/hw.gen/sources_1/ip/ddr/ddr/user_design/rtl/clocking/mig_7series_v4_2_tempmon.v:69' bound to instance 'u_tempmon' of component 'mig_7series_v4_2_tempmon' [c:/CM/VHDL_Study_Hall/Demo_OutOfBoxHardwareShowcase/hw.gen/sources_1/ip/ddr/ddr/user_design/rtl/ddr_mig.vhd:1197]
INFO: [Synth 8-6157] synthesizing module 'mig_7series_v4_2_tempmon' [c:/CM/VHDL_Study_Hall/Demo_OutOfBoxHardwareShowcase/hw.gen/sources_1/ip/ddr/ddr/user_design/rtl/clocking/mig_7series_v4_2_tempmon.v:69]
	Parameter TCQ bound to: 100 - type: integer 
	Parameter TEMP_MON_CONTROL bound to: EXTERNAL - type: string 
	Parameter XADC_CLK_PERIOD bound to: 5000 - type: integer 
	Parameter tTEMPSAMPLE bound to: 10000000 - type: integer 
INFO: [Synth 8-6155] done synthesizing module 'mig_7series_v4_2_tempmon' (0#1) [c:/CM/VHDL_Study_Hall/Demo_OutOfBoxHardwareShowcase/hw.gen/sources_1/ip/ddr/ddr/user_design/rtl/clocking/mig_7series_v4_2_tempmon.v:69]
	Parameter TCQ bound to: 100 - type: integer 
	Parameter CLKIN_PERIOD bound to: 4999 - type: integer 
	Parameter nCK_PER_CLK bound to: 4 - type: integer 
	Parameter SYSCLK_TYPE bound to: NO_BUFFER - type: string 
	Parameter CLKFBOUT_MULT bound to: 6 - type: integer 
	Parameter DIVCLK_DIVIDE bound to: 1 - type: integer 
	Parameter CLKOUT0_PHASE bound to: 0.000000e+00 - type: double 
	Parameter CLKOUT0_DIVIDE bound to: 2 - type: integer 
	Parameter CLKOUT1_DIVIDE bound to: 4 - type: integer 
	Parameter CLKOUT2_DIVIDE bound to: 64 - type: integer 
	Parameter CLKOUT3_DIVIDE bound to: 16 - type: integer 
	Parameter MMCM_VCO bound to: 1200 - type: integer 
	Parameter MMCM_MULT_F bound to: 15 - type: integer 
	Parameter MMCM_DIVCLK_DIVIDE bound to: 1 - type: integer 
	Parameter RST_ACT_LOW bound to: 1 - type: integer 
	Parameter tCK bound to: 3333 - type: integer 
	Parameter MEM_TYPE bound to: DDR2 - type: string 
INFO: [Synth 8-3491] module 'mig_7series_v4_2_infrastructure' declared at 'c:/CM/VHDL_Study_Hall/Demo_OutOfBoxHardwareShowcase/hw.gen/sources_1/ip/ddr/ddr/user_design/rtl/clocking/mig_7series_v4_2_infrastructure.v:78' bound to instance 'u_ddr2_infrastructure' of component 'mig_7series_v4_2_infrastructure' [c:/CM/VHDL_Study_Hall/Demo_OutOfBoxHardwareShowcase/hw.gen/sources_1/ip/ddr/ddr/user_design/rtl/ddr_mig.vhd:1220]
INFO: [Synth 8-6157] synthesizing module 'mig_7series_v4_2_infrastructure' [c:/CM/VHDL_Study_Hall/Demo_OutOfBoxHardwareShowcase/hw.gen/sources_1/ip/ddr/ddr/user_design/rtl/clocking/mig_7series_v4_2_infrastructure.v:78]
	Parameter TCQ bound to: 100 - type: integer 
	Parameter CLKIN_PERIOD bound to: 4999 - type: integer 
	Parameter nCK_PER_CLK bound to: 4 - type: integer 
	Parameter SYSCLK_TYPE bound to: NO_BUFFER - type: string 
	Parameter CLKFBOUT_MULT bound to: 6 - type: integer 
	Parameter DIVCLK_DIVIDE bound to: 1 - type: integer 
	Parameter CLKOUT0_PHASE bound to: 0.000000e+00 - type: double 
	Parameter CLKOUT0_DIVIDE bound to: 2 - type: integer 
	Parameter CLKOUT1_DIVIDE bound to: 4 - type: integer 
	Parameter CLKOUT2_DIVIDE bound to: 64 - type: integer 
	Parameter CLKOUT3_DIVIDE bound to: 16 - type: integer 
	Parameter MMCM_VCO bound to: 1200 - type: integer 
	Parameter MMCM_MULT_F bound to: 15 - type: integer 
	Parameter MMCM_DIVCLK_DIVIDE bound to: 1 - type: integer 
	Parameter RST_ACT_LOW bound to: 1 - type: integer 
	Parameter tCK bound to: 3333 - type: integer 
	Parameter MEM_TYPE bound to: DDR2 - type: string 
INFO: [Synth 8-6157] synthesizing module 'MMCME2_ADV' [C:/AMDDesignTools/2025.2/Vivado/scripts/rt/data/unisim_comp.v:95844]
	Parameter BANDWIDTH bound to: HIGH - type: string 
	Parameter CLKFBOUT_MULT_F bound to: 1.500000e+01 - type: double 
	Parameter CLKFBOUT_PHASE bound to: 0.000000e+00 - type: double 
	Parameter CLKFBOUT_USE_FINE_PS bound to: FALSE - type: string 
	Parameter CLKIN1_PERIOD bound to: 1.332800e+01 - type: double 
	Parameter CLKOUT0_DIVIDE_F bound to: 3.000000e+01 - type: double 
	Parameter CLKOUT0_DUTY_CYCLE bound to: 5.000000e-01 - type: double 
	Parameter CLKOUT0_PHASE bound to: 0.000000e+00 - type: double 
	Parameter CLKOUT0_USE_FINE_PS bound to: TRUE - type: string 
	Parameter CLKOUT1_DIVIDE bound to: 7 - type: integer 
	Parameter CLKOUT1_DUTY_CYCLE bound to: 5.000000e-01 - type: double 
	Parameter CLKOUT1_PHASE bound to: 0.000000e+00 - type: double 
	Parameter CLKOUT1_USE_FINE_PS bound to: FALSE - type: string 
	Parameter CLKOUT4_CASCADE bound to: FALSE - type: string 
	Parameter COMPENSATION bound to: BUF_IN - type: string 
	Parameter DIVCLK_DIVIDE bound to: 1 - type: integer 
	Parameter REF_JITTER1 bound to: 0.000000e+00 - type: double 
	Parameter STARTUP_WAIT bound to: FALSE - type: string 
INFO: [Synth 8-6155] done synthesizing module 'MMCME2_ADV' (0#1) [C:/AMDDesignTools/2025.2/Vivado/scripts/rt/data/unisim_comp.v:95844]
INFO: [Synth 8-6157] synthesizing module 'BUFG' [C:/AMDDesignTools/2025.2/Vivado/scripts/rt/data/unisim_comp.v:2678]
INFO: [Synth 8-6155] done synthesizing module 'BUFG' (0#1) [C:/AMDDesignTools/2025.2/Vivado/scripts/rt/data/unisim_comp.v:2678]
INFO: [Synth 8-6157] synthesizing module 'PLLE2_ADV' [C:/AMDDesignTools/2025.2/Vivado/scripts/rt/data/unisim_comp.v:133907]
	Parameter BANDWIDTH bound to: OPTIMIZED - type: string 
	Parameter CLKFBOUT_MULT bound to: 6 - type: integer 
	Parameter CLKFBOUT_PHASE bound to: 0.000000e+00 - type: double 
	Parameter CLKIN1_PERIOD bound to: 4.999000e+00 - type: double 
	Parameter CLKOUT0_DIVIDE bound to: 2 - type: integer 
	Parameter CLKOUT0_DUTY_CYCLE bound to: 5.000000e-01 - type: double 
	Parameter CLKOUT0_PHASE bound to: 0.000000e+00 - type: double 
	Parameter CLKOUT1_DIVIDE bound to: 4 - type: integer 
	Parameter CLKOUT1_DUTY_CYCLE bound to: 5.000000e-01 - type: double 
	Parameter CLKOUT1_PHASE bound to: 0.000000e+00 - type: double 
	Parameter CLKOUT2_DIVIDE bound to: 64 - type: integer 
	Parameter CLKOUT2_DUTY_CYCLE bound to: 6.250000e-02 - type: double 
	Parameter CLKOUT2_PHASE bound to: 9.843750e+00 - type: double 
	Parameter CLKOUT3_DIVIDE bound to: 16 - type: integer 
	Parameter CLKOUT3_DUTY_CYCLE bound to: 5.000000e-01 - type: double 
	Parameter CLKOUT3_PHASE bound to: 0.000000e+00 - type: double 
	Parameter CLKOUT4_DIVIDE bound to: 8 - type: integer 
	Parameter CLKOUT4_DUTY_CYCLE bound to: 5.000000e-01 - type: double 
	Parameter CLKOUT4_PHASE bound to: 1.687500e+02 - type: double 
	Parameter CLKOUT5_DUTY_CYCLE bound to: 5.000000e-01 - type: double 
	Parameter CLKOUT5_PHASE bound to: 0.000000e+00 - type: double 
	Parameter COMPENSATION bound to: INTERNAL - type: string 
	Parameter DIVCLK_DIVIDE bound to: 1 - type: integer 
	Parameter REF_JITTER1 bound to: 1.000000e-02 - type: double 
	Parameter REF_JITTER2 bound to: 1.000000e-02 - type: double 
	Parameter STARTUP_WAIT bound to: FALSE - type: string 
INFO: [Synth 8-6155] done synthesizing module 'PLLE2_ADV' (0#1) [C:/AMDDesignTools/2025.2/Vivado/scripts/rt/data/unisim_comp.v:133907]
INFO: [Synth 8-6157] synthesizing module 'BUFH' [C:/AMDDesignTools/2025.2/Vivado/scripts/rt/data/unisim_comp.v:2926]
INFO: [Synth 8-6155] done synthesizing module 'BUFH' (0#1) [C:/AMDDesignTools/2025.2/Vivado/scripts/rt/data/unisim_comp.v:2926]
INFO: [Synth 8-6155] done synthesizing module 'mig_7series_v4_2_infrastructure' (0#1) [c:/CM/VHDL_Study_Hall/Demo_OutOfBoxHardwareShowcase/hw.gen/sources_1/ip/ddr/ddr/user_design/rtl/clocking/mig_7series_v4_2_infrastructure.v:78]
	Parameter TCQ bound to: 100 - type: integer 
	Parameter PAYLOAD_WIDTH bound to: 16 - type: integer 
	Parameter ADDR_CMD_MODE bound to: 1T - type: string 
	Parameter AL bound to: 0 - type: string 
	Parameter BANK_WIDTH bound to: 3 - type: integer 
	Parameter BM_CNT_WIDTH bound to: 2 - type: integer 
	Parameter BURST_MODE bound to: 8 - type: string 
	Parameter BURST_TYPE bound to: SEQ - type: string 
	Parameter CK_WIDTH bound to: 1 - type: integer 
	Parameter CL bound to: 5 - type: integer 
	Parameter COL_WIDTH bound to: 10 - type: integer 
	Parameter CMD_PIPE_PLUS1 bound to: ON - type: string 
	Parameter CS_WIDTH bound to: 1 - type: integer 
	Parameter CKE_WIDTH bound to: 1 - type: integer 
	Parameter DATA_WIDTH bound to: 16 - type: integer 
	Parameter DATA_BUF_ADDR_WIDTH bound to: 5 - type: integer 
	Parameter DM_WIDTH bound to: 2 - type: integer 
	Parameter DQ_CNT_WIDTH bound to: 4 - type: integer 
	Parameter DQ_WIDTH bound to: 16 - type: integer 
	Parameter DQS_CNT_WIDTH bound to: 1 - type: integer 
	Parameter DQS_WIDTH bound to: 2 - type: integer 
	Parameter DRAM_TYPE bound to: DDR2 - type: string 
	Parameter DRAM_WIDTH bound to: 8 - type: integer 
	Parameter ECC bound to: OFF - type: string 
	Parameter ECC_WIDTH bound to: 0 - type: integer 
	Parameter ECC_TEST bound to: OFF - type: string 
	Parameter MC_ERR_ADDR_WIDTH bound to: 27 - type: integer 
	Parameter MASTER_PHY_CTL bound to: 0 - type: integer 
	Parameter nAL bound to: 0 - type: integer 
	Parameter nBANK_MACHS bound to: 4 - type: integer 
	Parameter nCK_PER_CLK bound to: 4 - type: integer 
	Parameter nCS_PER_RANK bound to: 1 - type: integer 
	Parameter ORDERING bound to: STRICT - type: string 
	Parameter IBUF_LPWR_MODE bound to: OFF - type: string 
	Parameter BANK_TYPE bound to: HR_IO - type: string 
	Parameter DATA_IO_PRIM_TYPE bound to: HR_LP - type: string 
	Parameter DATA_IO_IDLE_PWRDWN bound to: ON - type: string 
	Parameter IODELAY_GRP0 bound to: DDR_IODELAY_MIG0 - type: string 
	Parameter IODELAY_GRP1 bound to: DDR_IODELAY_MIG1 - type: string 
	Parameter FPGA_SPEED_GRADE bound to: 1 - type: integer 
	Parameter OUTPUT_DRV bound to: HIGH - type: string 
	Parameter REG_CTRL bound to: OFF - type: string 
	Parameter RTT_NOM bound to: 50 - type: string 
	Parameter STARVE_LIMIT bound to: 2 - type: integer 
	Parameter tCK bound to: 3333 - type: integer 
	Parameter tCKE bound to: 7500 - type: integer 
	Parameter tFAW bound to: 45000 - type: integer 
	Parameter tPRDI bound to: 1000000 - type: integer 
	Parameter tRAS bound to: 40000 - type: integer 
	Parameter tRCD bound to: 15000 - type: integer 
	Parameter tREFI bound to: 7800000 - type: integer 
	Parameter tRFC bound to: 127500 - type: integer 
	Parameter tRP bound to: 12500 - type: integer 
	Parameter tRRD bound to: 10000 - type: integer 
	Parameter tRTP bound to: 7500 - type: integer 
	Parameter tWTR bound to: 7500 - type: integer 
	Parameter tZQI bound to: 128000000 - type: integer 
	Parameter tZQCS bound to: 64 - type: integer 
	Parameter USER_REFRESH bound to: OFF - type: string 
	Parameter TEMP_MON_EN bound to: ON - type: string 
	Parameter WRLVL bound to: OFF - type: string 
	Parameter DEBUG_PORT bound to: OFF - type: string 
	Parameter CAL_WIDTH bound to: HALF - type: string 
	Parameter RANK_WIDTH bound to: 1 - type: integer 
	Parameter RANKS bound to: 1 - type: integer 
	Parameter ODT_WIDTH bound to: 1 - type: integer 
	Parameter ROW_WIDTH bound to: 13 - type: integer 
	Parameter ADDR_WIDTH bound to: 27 - type: integer 
	Parameter APP_MASK_WIDTH bound to: 16 - type: integer 
	Parameter APP_DATA_WIDTH bound to: 128 - type: integer 
	Parameter BYTE_LANES_B0 bound to: 4'b1111 
	Parameter BYTE_LANES_B1 bound to: 4'b0000 
	Parameter BYTE_LANES_B2 bound to: 4'b0000 
	Parameter BYTE_LANES_B3 bound to: 4'b0000 
	Parameter BYTE_LANES_B4 bound to: 4'b0000 
	Parameter DATA_CTL_B0 bound to: 4'b0101 
	Parameter DATA_CTL_B1 bound to: 4'b0000 
	Parameter DATA_CTL_B2 bound to: 4'b0000 
	Parameter DATA_CTL_B3 bound to: 4'b0000 
	Parameter DATA_CTL_B4 bound to: 4'b0000 
	Parameter PHY_0_BITLANES bound to: 48'b111111111100001111110111111111111111001111111110 
	Parameter PHY_1_BITLANES bound to: 48'b000000000000000000000000000000000000000000000000 
	Parameter PHY_2_BITLANES bound to: 48'b000000000000000000000000000000000000000000000000 
	Parameter CK_BYTE_MAP bound to: 144'b000000000000000000000000000000000000000000000000000000000000000000000000000000000000000000000000000000000000000000000000000000000000000000000011 
	Parameter ADDR_MAP bound to: 192'b000000000000000000000000000000000000000000010000000000110011000000011010000000011001000000110010000000111010000000110100000000011000000000110110000000010010000000010001000000010111000000010101 
	Parameter BANK_MAP bound to: 36'b000000010011000000010110000000011011 
	Parameter CAS_MAP bound to: 12'b000000111001 
	Parameter CKE_ODT_BYTE_MAP bound to: 8'b00000000 
	Parameter CKE_MAP bound to: 96'b000000000000000000000000000000000000000000000000000000000000000000000000000000000000000000111000 
	Parameter ODT_MAP bound to: 96'b000000000000000000000000000000000000000000000000000000000000000000000000000000000000000000110101 
	Parameter CKE_ODT_AUX bound to: FALSE - type: string 
	Parameter CS_MAP bound to: 120'b000000000000000000000000000000000000000000000000000000000000000000000000000000000000000000000000000000000000000000110111 
	Parameter PARITY_MAP bound to: 12'b000000000000 
	Parameter RAS_MAP bound to: 12'b000000010100 
	Parameter WE_MAP bound to: 12'b000000111011 
	Parameter DQS_BYTE_MAP bound to: 144'b000000000000000000000000000000000000000000000000000000000000000000000000000000000000000000000000000000000000000000000000000000000000001000000000 
	Parameter DATA0_MAP bound to: 96'b000000001000000000000100000000001001000000000111000000000101000000000001000000000110000000000011 
	Parameter DATA1_MAP bound to: 96'b000000100010000000101000000000100000000000100100000000100111000000100101000000100110000000100001 
	Parameter DATA2_MAP bound to: 96'b000000000000000000000000000000000000000000000000000000000000000000000000000000000000000000000000 
	Parameter DATA3_MAP bound to: 96'b000000000000000000000000000000000000000000000000000000000000000000000000000000000000000000000000 
	Parameter DATA4_MAP bound to: 96'b000000000000000000000000000000000000000000000000000000000000000000000000000000000000000000000000 
	Parameter DATA5_MAP bound to: 96'b000000000000000000000000000000000000000000000000000000000000000000000000000000000000000000000000 
	Parameter DATA6_MAP bound to: 96'b000000000000000000000000000000000000000000000000000000000000000000000000000000000000000000000000 
	Parameter DATA7_MAP bound to: 96'b000000000000000000000000000000000000000000000000000000000000000000000000000000000000000000000000 
	Parameter DATA8_MAP bound to: 96'b000000000000000000000000000000000000000000000000000000000000000000000000000000000000000000000000 
	Parameter DATA9_MAP bound to: 96'b000000000000000000000000000000000000000000000000000000000000000000000000000000000000000000000000 
	Parameter DATA10_MAP bound to: 96'b000000000000000000000000000000000000000000000000000000000000000000000000000000000000000000000000 
	Parameter DATA11_MAP bound to: 96'b000000000000000000000000000000000000000000000000000000000000000000000000000000000000000000000000 
	Parameter DATA12_MAP bound to: 96'b000000000000000000000000000000000000000000000000000000000000000000000000000000000000000000000000 
	Parameter DATA13_MAP bound to: 96'b000000000000000000000000000000000000000000000000000000000000000000000000000000000000000000000000 
	Parameter DATA14_MAP bound to: 96'b000000000000000000000000000000000000000000000000000000000000000000000000000000000000000000000000 
	Parameter DATA15_MAP bound to: 96'b000000000000000000000000000000000000000000000000000000000000000000000000000000000000000000000000 
	Parameter DATA16_MAP bound to: 96'b000000000000000000000000000000000000000000000000000000000000000000000000000000000000000000000000 
	Parameter DATA17_MAP bound to: 96'b000000000000000000000000000000000000000000000000000000000000000000000000000000000000000000000000 
	Parameter MASK0_MAP bound to: 108'b000000000000000000000000000000000000000000000000000000000000000000000000000000000000000000101001000000000010 
	Parameter MASK1_MAP bound to: 108'b000000000000000000000000000000000000000000000000000000000000000000000000000000000000000000000000000000000000 
	Parameter SLOT_0_CONFIG bound to: 8'b00000001 
	Parameter SLOT_1_CONFIG bound to: 8'b00000000 
	Parameter MEM_ADDR_ORDER bound to: BANK_ROW_COLUMN - type: string 
	Parameter CALIB_ROW_ADD bound to: 16'b0000000000000000 
	Parameter CALIB_COL_ADD bound to: 12'b000000000000 
	Parameter CALIB_BA_ADD bound to: 3'b000 
	Parameter SIM_BYPASS_INIT_CAL bound to: OFF - type: string 
	Parameter REFCLK_FREQ bound to: 2.000000e+02 - type: double 
	Parameter USE_CS_PORT bound to: 1 - type: integer 
	Parameter USE_DM_PORT bound to: 1 - type: integer 
	Parameter USE_ODT_PORT bound to: 1 - type: integer 
	Parameter IDELAY_ADJ bound to: OFF - type: string 
	Parameter FINE_PER_BIT bound to: OFF - type: string 
	Parameter CENTER_COMP_MODE bound to: OFF - type: string 
	Parameter PI_VAL_ADJ bound to: OFF - type: string 
	Parameter TAPSPERKCLK bound to: 56 - type: integer 
	Parameter SKIP_CALIB bound to: FALSE - type: string 
	Parameter FPGA_VOLT_TYPE bound to: N - type: string 
INFO: [Synth 8-3491] module 'mig_7series_v4_2_memc_ui_top_std' declared at 'c:/CM/VHDL_Study_Hall/Demo_OutOfBoxHardwareShowcase/hw.gen/sources_1/ip/ddr/ddr/user_design/rtl/ip_top/mig_7series_v4_2_memc_ui_top_std.v:70' bound to instance 'u_memc_ui_top_std' of component 'mig_7series_v4_2_memc_ui_top_std' [c:/CM/VHDL_Study_Hall/Demo_OutOfBoxHardwareShowcase/hw.gen/sources_1/ip/ddr/ddr/user_design/rtl/ddr_mig.vhd:1274]
INFO: [Synth 8-6157] synthesizing module 'mig_7series_v4_2_memc_ui_top_std' [c:/CM/VHDL_Study_Hall/Demo_OutOfBoxHardwareShowcase/hw.gen/sources_1/ip/ddr/ddr/user_design/rtl/ip_top/mig_7series_v4_2_memc_ui_top_std.v:70]
	Parameter TCQ bound to: 100 - type: integer 
	Parameter PAYLOAD_WIDTH bound to: 16 - type: integer 
	Parameter ADDR_CMD_MODE bound to: 1T - type: string 
	Parameter AL bound to: 0 - type: string 
	Parameter BANK_WIDTH bound to: 3 - type: integer 
	Parameter BM_CNT_WIDTH bound to: 2 - type: integer 
	Parameter BURST_MODE bound to: 8 - type: string 
	Parameter BURST_TYPE bound to: SEQ - type: string 
	Parameter CK_WIDTH bound to: 1 - type: integer 
	Parameter CL bound to: 5 - type: integer 
	Parameter COL_WIDTH bound to: 10 - type: integer 
	Parameter CMD_PIPE_PLUS1 bound to: ON - type: string 
	Parameter CS_WIDTH bound to: 1 - type: integer 
	Parameter CKE_WIDTH bound to: 1 - type: integer 
	Parameter DATA_WIDTH bound to: 16 - type: integer 
	Parameter DATA_BUF_ADDR_WIDTH bound to: 5 - type: integer 
	Parameter DM_WIDTH bound to: 2 - type: integer 
	Parameter DQ_CNT_WIDTH bound to: 4 - type: integer 
	Parameter DQ_WIDTH bound to: 16 - type: integer 
	Parameter DQS_CNT_WIDTH bound to: 1 - type: integer 
	Parameter DQS_WIDTH bound to: 2 - type: integer 
	Parameter DRAM_TYPE bound to: DDR2 - type: string 
	Parameter DRAM_WIDTH bound to: 8 - type: integer 
	Parameter ECC bound to: OFF - type: string 
	Parameter ECC_WIDTH bound to: 0 - type: integer 
	Parameter ECC_TEST bound to: OFF - type: string 
	Parameter MC_ERR_ADDR_WIDTH bound to: 27 - type: integer 
	Parameter MASTER_PHY_CTL bound to: 0 - type: integer 
	Parameter nAL bound to: 0 - type: integer 
	Parameter nBANK_MACHS bound to: 4 - type: integer 
	Parameter nCK_PER_CLK bound to: 4 - type: integer 
	Parameter nCS_PER_RANK bound to: 1 - type: integer 
	Parameter ORDERING bound to: STRICT - type: string 
	Parameter IBUF_LPWR_MODE bound to: OFF - type: string 
	Parameter BANK_TYPE bound to: HR_IO - type: string 
	Parameter DATA_IO_PRIM_TYPE bound to: HR_LP - type: string 
	Parameter DATA_IO_IDLE_PWRDWN bound to: ON - type: string 
	Parameter IODELAY_GRP0 bound to: DDR_IODELAY_MIG0 - type: string 
	Parameter IODELAY_GRP1 bound to: DDR_IODELAY_MIG1 - type: string 
	Parameter FPGA_SPEED_GRADE bound to: 1 - type: integer 
	Parameter OUTPUT_DRV bound to: HIGH - type: string 
	Parameter REG_CTRL bound to: OFF - type: string 
	Parameter RTT_NOM bound to: 50 - type: string 
	Parameter STARVE_LIMIT bound to: 2 - type: integer 
	Parameter tCK bound to: 3333 - type: integer 
	Parameter tCKE bound to: 7500 - type: integer 
	Parameter tFAW bound to: 45000 - type: integer 
	Parameter tPRDI bound to: 1000000 - type: integer 
	Parameter tRAS bound to: 40000 - type: integer 
	Parameter tRCD bound to: 15000 - type: integer 
	Parameter tREFI bound to: 7800000 - type: integer 
	Parameter tRFC bound to: 127500 - type: integer 
	Parameter tRP bound to: 12500 - type: integer 
	Parameter tRRD bound to: 10000 - type: integer 
	Parameter tRTP bound to: 7500 - type: integer 
	Parameter tWTR bound to: 7500 - type: integer 
	Parameter tZQI bound to: 128000000 - type: integer 
	Parameter tZQCS bound to: 64 - type: integer 
	Parameter USER_REFRESH bound to: OFF - type: string 
	Parameter TEMP_MON_EN bound to: ON - type: string 
	Parameter WRLVL bound to: OFF - type: string 
	Parameter DEBUG_PORT bound to: OFF - type: string 
	Parameter CAL_WIDTH bound to: HALF - type: string 
	Parameter RANK_WIDTH bound to: 1 - type: integer 
	Parameter RANKS bound to: 1 - type: integer 
	Parameter ODT_WIDTH bound to: 1 - type: integer 
	Parameter ROW_WIDTH bound to: 13 - type: integer 
	Parameter ADDR_WIDTH bound to: 27 - type: integer 
	Parameter APP_MASK_WIDTH bound to: 16 - type: integer 
	Parameter APP_DATA_WIDTH bound to: 128 - type: integer 
	Parameter BYTE_LANES_B0 bound to: 4'b1111 
	Parameter BYTE_LANES_B1 bound to: 4'b0000 
	Parameter BYTE_LANES_B2 bound to: 4'b0000 
	Parameter BYTE_LANES_B3 bound to: 4'b0000 
	Parameter BYTE_LANES_B4 bound to: 4'b0000 
	Parameter DATA_CTL_B0 bound to: 4'b0101 
	Parameter DATA_CTL_B1 bound to: 4'b0000 
	Parameter DATA_CTL_B2 bound to: 4'b0000 
	Parameter DATA_CTL_B3 bound to: 4'b0000 
	Parameter DATA_CTL_B4 bound to: 4'b0000 
	Parameter PHY_0_BITLANES bound to: 48'b111111111100001111110111111111111111001111111110 
	Parameter PHY_1_BITLANES bound to: 48'b000000000000000000000000000000000000000000000000 
	Parameter PHY_2_BITLANES bound to: 48'b000000000000000000000000000000000000000000000000 
	Parameter CK_BYTE_MAP bound to: 144'b000000000000000000000000000000000000000000000000000000000000000000000000000000000000000000000000000000000000000000000000000000000000000000000011 
	Parameter ADDR_MAP bound to: 192'b000000000000000000000000000000000000000000010000000000110011000000011010000000011001000000110010000000111010000000110100000000011000000000110110000000010010000000010001000000010111000000010101 
	Parameter BANK_MAP bound to: 36'b000000010011000000010110000000011011 
	Parameter CAS_MAP bound to: 12'b000000111001 
	Parameter CKE_ODT_BYTE_MAP bound to: 8'b00000000 
	Parameter CKE_MAP bound to: 96'b000000000000000000000000000000000000000000000000000000000000000000000000000000000000000000111000 
	Parameter ODT_MAP bound to: 96'b000000000000000000000000000000000000000000000000000000000000000000000000000000000000000000110101 
	Parameter CKE_ODT_AUX bound to: FALSE - type: string 
	Parameter CS_MAP bound to: 120'b000000000000000000000000000000000000000000000000000000000000000000000000000000000000000000000000000000000000000000110111 
	Parameter PARITY_MAP bound to: 12'b000000000000 
	Parameter RAS_MAP bound to: 12'b000000010100 
	Parameter WE_MAP bound to: 12'b000000111011 
	Parameter DQS_BYTE_MAP bound to: 144'b000000000000000000000000000000000000000000000000000000000000000000000000000000000000000000000000000000000000000000000000000000000000001000000000 
	Parameter DATA0_MAP bound to: 96'b000000001000000000000100000000001001000000000111000000000101000000000001000000000110000000000011 
	Parameter DATA1_MAP bound to: 96'b000000100010000000101000000000100000000000100100000000100111000000100101000000100110000000100001 
	Parameter DATA2_MAP bound to: 96'b000000000000000000000000000000000000000000000000000000000000000000000000000000000000000000000000 
	Parameter DATA3_MAP bound to: 96'b000000000000000000000000000000000000000000000000000000000000000000000000000000000000000000000000 
	Parameter DATA4_MAP bound to: 96'b000000000000000000000000000000000000000000000000000000000000000000000000000000000000000000000000 
	Parameter DATA5_MAP bound to: 96'b000000000000000000000000000000000000000000000000000000000000000000000000000000000000000000000000 
	Parameter DATA6_MAP bound to: 96'b000000000000000000000000000000000000000000000000000000000000000000000000000000000000000000000000 
	Parameter DATA7_MAP bound to: 96'b000000000000000000000000000000000000000000000000000000000000000000000000000000000000000000000000 
	Parameter DATA8_MAP bound to: 96'b000000000000000000000000000000000000000000000000000000000000000000000000000000000000000000000000 
	Parameter DATA9_MAP bound to: 96'b000000000000000000000000000000000000000000000000000000000000000000000000000000000000000000000000 
	Parameter DATA10_MAP bound to: 96'b000000000000000000000000000000000000000000000000000000000000000000000000000000000000000000000000 
	Parameter DATA11_MAP bound to: 96'b000000000000000000000000000000000000000000000000000000000000000000000000000000000000000000000000 
	Parameter DATA12_MAP bound to: 96'b000000000000000000000000000000000000000000000000000000000000000000000000000000000000000000000000 
	Parameter DATA13_MAP bound to: 96'b000000000000000000000000000000000000000000000000000000000000000000000000000000000000000000000000 
	Parameter DATA14_MAP bound to: 96'b000000000000000000000000000000000000000000000000000000000000000000000000000000000000000000000000 
	Parameter DATA15_MAP bound to: 96'b000000000000000000000000000000000000000000000000000000000000000000000000000000000000000000000000 
	Parameter DATA16_MAP bound to: 96'b000000000000000000000000000000000000000000000000000000000000000000000000000000000000000000000000 
	Parameter DATA17_MAP bound to: 96'b000000000000000000000000000000000000000000000000000000000000000000000000000000000000000000000000 
	Parameter MASK0_MAP bound to: 108'b000000000000000000000000000000000000000000000000000000000000000000000000000000000000000000101001000000000010 
	Parameter MASK1_MAP bound to: 108'b000000000000000000000000000000000000000000000000000000000000000000000000000000000000000000000000000000000000 
	Parameter SLOT_0_CONFIG bound to: 8'b00000001 
	Parameter SLOT_1_CONFIG bound to: 8'b00000000 
	Parameter MEM_ADDR_ORDER bound to: BANK_ROW_COLUMN - type: string 
	Parameter CALIB_ROW_ADD bound to: 16'b0000000000000000 
	Parameter CALIB_COL_ADD bound to: 12'b000000000000 
	Parameter CALIB_BA_ADD bound to: 3'b000 
	Parameter SIM_BYPASS_INIT_CAL bound to: OFF - type: string 
	Parameter REFCLK_FREQ bound to: 2.000000e+02 - type: double 
	Parameter USE_CS_PORT bound to: 1 - type: integer 
	Parameter USE_DM_PORT bound to: 1 - type: integer 
	Parameter USE_ODT_PORT bound to: 1 - type: integer 
	Parameter IDELAY_ADJ bound to: OFF - type: string 
	Parameter FINE_PER_BIT bound to: OFF - type: string 
	Parameter CENTER_COMP_MODE bound to: OFF - type: string 
	Parameter PI_VAL_ADJ bound to: OFF - type: string 
	Parameter SKIP_CALIB bound to: FALSE - type: string 
	Parameter TAPSPERKCLK bound to: 56 - type: integer 
	Parameter FPGA_VOLT_TYPE bound to: N - type: string 
INFO: [Synth 8-6157] synthesizing module 'mig_7series_v4_2_mem_intfc' [c:/CM/VHDL_Study_Hall/Demo_OutOfBoxHardwareShowcase/hw.gen/sources_1/ip/ddr/ddr/user_design/rtl/ip_top/mig_7series_v4_2_mem_intfc.v:69]
INFO: [Synth 8-6157] synthesizing module 'mig_7series_v4_2_mc' [c:/CM/VHDL_Study_Hall/Demo_OutOfBoxHardwareShowcase/hw.gen/sources_1/ip/ddr/ddr/user_design/rtl/controller/mig_7series_v4_2_mc.v:73]
INFO: [Synth 8-6157] synthesizing module 'mig_7series_v4_2_rank_mach' [c:/CM/VHDL_Study_Hall/Demo_OutOfBoxHardwareShowcase/hw.gen/sources_1/ip/ddr/ddr/user_design/rtl/controller/mig_7series_v4_2_rank_mach.v:71]
INFO: [Synth 8-6157] synthesizing module 'mig_7series_v4_2_rank_cntrl' [c:/CM/VHDL_Study_Hall/Demo_OutOfBoxHardwareShowcase/hw.gen/sources_1/ip/ddr/ddr/user_design/rtl/controller/mig_7series_v4_2_rank_cntrl.v:79]
INFO: [Synth 8-6157] synthesizing module 'SRLC32E' [C:/AMDDesignTools/2025.2/Vivado/scripts/rt/data/unisim_comp.v:165484]
INFO: [Synth 8-6155] done synthesizing module 'SRLC32E' (0#1) [C:/AMDDesignTools/2025.2/Vivado/scripts/rt/data/unisim_comp.v:165484]
WARNING: [Synth 8-567] referenced signal 'periodic_rd_generation.periodic_rd_timer_one' should be on the sensitivity list [c:/CM/VHDL_Study_Hall/Demo_OutOfBoxHardwareShowcase/hw.gen/sources_1/ip/ddr/ddr/user_design/rtl/controller/mig_7series_v4_2_rank_cntrl.v:509]
INFO: [Synth 8-6155] done synthesizing module 'mig_7series_v4_2_rank_cntrl' (0#1) [c:/CM/VHDL_Study_Hall/Demo_OutOfBoxHardwareShowcase/hw.gen/sources_1/ip/ddr/ddr/user_design/rtl/controller/mig_7series_v4_2_rank_cntrl.v:79]
INFO: [Synth 8-6157] synthesizing module 'mig_7series_v4_2_rank_common' [c:/CM/VHDL_Study_Hall/Demo_OutOfBoxHardwareShowcase/hw.gen/sources_1/ip/ddr/ddr/user_design/rtl/controller/mig_7series_v4_2_rank_common.v:72]
INFO: [Synth 8-6157] synthesizing module 'mig_7series_v4_2_round_robin_arb' [c:/CM/VHDL_Study_Hall/Demo_OutOfBoxHardwareShowcase/hw.gen/sources_1/ip/ddr/ddr/user_design/rtl/controller/mig_7series_v4_2_round_robin_arb.v:121]
INFO: [Synth 8-6155] done synthesizing module 'mig_7series_v4_2_round_robin_arb' (0#1) [c:/CM/VHDL_Study_Hall/Demo_OutOfBoxHardwareShowcase/hw.gen/sources_1/ip/ddr/ddr/user_design/rtl/controller/mig_7series_v4_2_round_robin_arb.v:121]
INFO: [Synth 8-6157] synthesizing module 'mig_7series_v4_2_round_robin_arb__parameterized0' [c:/CM/VHDL_Study_Hall/Demo_OutOfBoxHardwareShowcase/hw.gen/sources_1/ip/ddr/ddr/user_design/rtl/controller/mig_7series_v4_2_round_robin_arb.v:121]
INFO: [Synth 8-6155] done synthesizing module 'mig_7series_v4_2_round_robin_arb__parameterized0' (0#1) [c:/CM/VHDL_Study_Hall/Demo_OutOfBoxHardwareShowcase/hw.gen/sources_1/ip/ddr/ddr/user_design/rtl/controller/mig_7series_v4_2_round_robin_arb.v:121]
INFO: [Synth 8-6155] done synthesizing module 'mig_7series_v4_2_rank_common' (0#1) [c:/CM/VHDL_Study_Hall/Demo_OutOfBoxHardwareShowcase/hw.gen/sources_1/ip/ddr/ddr/user_design/rtl/controller/mig_7series_v4_2_rank_common.v:72]
INFO: [Synth 8-6155] done synthesizing module 'mig_7series_v4_2_rank_mach' (0#1) [c:/CM/VHDL_Study_Hall/Demo_OutOfBoxHardwareShowcase/hw.gen/sources_1/ip/ddr/ddr/user_design/rtl/controller/mig_7series_v4_2_rank_mach.v:71]
INFO: [Synth 8-6157] synthesizing module 'mig_7series_v4_2_bank_mach' [c:/CM/VHDL_Study_Hall/Demo_OutOfBoxHardwareShowcase/hw.gen/sources_1/ip/ddr/ddr/user_design/rtl/controller/mig_7series_v4_2_bank_mach.v:72]
INFO: [Synth 8-6157] synthesizing module 'mig_7series_v4_2_bank_cntrl' [c:/CM/VHDL_Study_Hall/Demo_OutOfBoxHardwareShowcase/hw.gen/sources_1/ip/ddr/ddr/user_design/rtl/controller/mig_7series_v4_2_bank_cntrl.v:70]
INFO: [Synth 8-6157] synthesizing module 'mig_7series_v4_2_bank_compare' [c:/CM/VHDL_Study_Hall/Demo_OutOfBoxHardwareShowcase/hw.gen/sources_1/ip/ddr/ddr/user_design/rtl/controller/mig_7series_v4_2_bank_compare.v:74]
INFO: [Synth 8-6155] done synthesizing module 'mig_7series_v4_2_bank_compare' (0#1) [c:/CM/VHDL_Study_Hall/Demo_OutOfBoxHardwareShowcase/hw.gen/sources_1/ip/ddr/ddr/user_design/rtl/controller/mig_7series_v4_2_bank_compare.v:74]
INFO: [Synth 8-6157] synthesizing module 'mig_7series_v4_2_bank_state' [c:/CM/VHDL_Study_Hall/Demo_OutOfBoxHardwareShowcase/hw.gen/sources_1/ip/ddr/ddr/user_design/rtl/controller/mig_7series_v4_2_bank_state.v:141]
INFO: [Synth 8-6155] done synthesizing module 'mig_7series_v4_2_bank_state' (0#1) [c:/CM/VHDL_Study_Hall/Demo_OutOfBoxHardwareShowcase/hw.gen/sources_1/ip/ddr/ddr/user_design/rtl/controller/mig_7series_v4_2_bank_state.v:141]
INFO: [Synth 8-6157] synthesizing module 'mig_7series_v4_2_bank_queue' [c:/CM/VHDL_Study_Hall/Demo_OutOfBoxHardwareShowcase/hw.gen/sources_1/ip/ddr/ddr/user_design/rtl/controller/mig_7series_v4_2_bank_queue.v:174]
INFO: [Synth 8-6155] done synthesizing module 'mig_7series_v4_2_bank_queue' (0#1) [c:/CM/VHDL_Study_Hall/Demo_OutOfBoxHardwareShowcase/hw.gen/sources_1/ip/ddr/ddr/user_design/rtl/controller/mig_7series_v4_2_bank_queue.v:174]
INFO: [Synth 8-6155] done synthesizing module 'mig_7series_v4_2_bank_cntrl' (0#1) [c:/CM/VHDL_Study_Hall/Demo_OutOfBoxHardwareShowcase/hw.gen/sources_1/ip/ddr/ddr/user_design/rtl/controller/mig_7series_v4_2_bank_cntrl.v:70]
INFO: [Synth 8-6157] synthesizing module 'mig_7series_v4_2_bank_cntrl__parameterized0' [c:/CM/VHDL_Study_Hall/Demo_OutOfBoxHardwareShowcase/hw.gen/sources_1/ip/ddr/ddr/user_design/rtl/controller/mig_7series_v4_2_bank_cntrl.v:70]
INFO: [Synth 8-6157] synthesizing module 'mig_7series_v4_2_bank_state__parameterized0' [c:/CM/VHDL_Study_Hall/Demo_OutOfBoxHardwareShowcase/hw.gen/sources_1/ip/ddr/ddr/user_design/rtl/controller/mig_7series_v4_2_bank_state.v:141]
INFO: [Synth 8-6155] done synthesizing module 'mig_7series_v4_2_bank_state__parameterized0' (0#1) [c:/CM/VHDL_Study_Hall/Demo_OutOfBoxHardwareShowcase/hw.gen/sources_1/ip/ddr/ddr/user_design/rtl/controller/mig_7series_v4_2_bank_state.v:141]
INFO: [Synth 8-6157] synthesizing module 'mig_7series_v4_2_bank_queue__parameterized0' [c:/CM/VHDL_Study_Hall/Demo_OutOfBoxHardwareShowcase/hw.gen/sources_1/ip/ddr/ddr/user_design/rtl/controller/mig_7series_v4_2_bank_queue.v:174]
INFO: [Synth 8-6155] done synthesizing module 'mig_7series_v4_2_bank_queue__parameterized0' (0#1) [c:/CM/VHDL_Study_Hall/Demo_OutOfBoxHardwareShowcase/hw.gen/sources_1/ip/ddr/ddr/user_design/rtl/controller/mig_7series_v4_2_bank_queue.v:174]
INFO: [Synth 8-6155] done synthesizing module 'mig_7series_v4_2_bank_cntrl__parameterized0' (0#1) [c:/CM/VHDL_Study_Hall/Demo_OutOfBoxHardwareShowcase/hw.gen/sources_1/ip/ddr/ddr/user_design/rtl/controller/mig_7series_v4_2_bank_cntrl.v:70]
INFO: [Synth 8-6157] synthesizing module 'mig_7series_v4_2_bank_cntrl__parameterized1' [c:/CM/VHDL_Study_Hall/Demo_OutOfBoxHardwareShowcase/hw.gen/sources_1/ip/ddr/ddr/user_design/rtl/controller/mig_7series_v4_2_bank_cntrl.v:70]
INFO: [Synth 8-6157] synthesizing module 'mig_7series_v4_2_bank_state__parameterized1' [c:/CM/VHDL_Study_Hall/Demo_OutOfBoxHardwareShowcase/hw.gen/sources_1/ip/ddr/ddr/user_design/rtl/controller/mig_7series_v4_2_bank_state.v:141]
INFO: [Synth 8-6155] done synthesizing module 'mig_7series_v4_2_bank_state__parameterized1' (0#1) [c:/CM/VHDL_Study_Hall/Demo_OutOfBoxHardwareShowcase/hw.gen/sources_1/ip/ddr/ddr/user_design/rtl/controller/mig_7series_v4_2_bank_state.v:141]
INFO: [Synth 8-6157] synthesizing module 'mig_7series_v4_2_bank_queue__parameterized1' [c:/CM/VHDL_Study_Hall/Demo_OutOfBoxHardwareShowcase/hw.gen/sources_1/ip/ddr/ddr/user_design/rtl/controller/mig_7series_v4_2_bank_queue.v:174]
INFO: [Synth 8-6155] done synthesizing module 'mig_7series_v4_2_bank_queue__parameterized1' (0#1) [c:/CM/VHDL_Study_Hall/Demo_OutOfBoxHardwareShowcase/hw.gen/sources_1/ip/ddr/ddr/user_design/rtl/controller/mig_7series_v4_2_bank_queue.v:174]
INFO: [Synth 8-6155] done synthesizing module 'mig_7series_v4_2_bank_cntrl__parameterized1' (0#1) [c:/CM/VHDL_Study_Hall/Demo_OutOfBoxHardwareShowcase/hw.gen/sources_1/ip/ddr/ddr/user_design/rtl/controller/mig_7series_v4_2_bank_cntrl.v:70]
INFO: [Synth 8-6157] synthesizing module 'mig_7series_v4_2_bank_cntrl__parameterized2' [c:/CM/VHDL_Study_Hall/Demo_OutOfBoxHardwareShowcase/hw.gen/sources_1/ip/ddr/ddr/user_design/rtl/controller/mig_7series_v4_2_bank_cntrl.v:70]
INFO: [Synth 8-6157] synthesizing module 'mig_7series_v4_2_bank_state__parameterized2' [c:/CM/VHDL_Study_Hall/Demo_OutOfBoxHardwareShowcase/hw.gen/sources_1/ip/ddr/ddr/user_design/rtl/controller/mig_7series_v4_2_bank_state.v:141]
INFO: [Synth 8-6155] done synthesizing module 'mig_7series_v4_2_bank_state__parameterized2' (0#1) [c:/CM/VHDL_Study_Hall/Demo_OutOfBoxHardwareShowcase/hw.gen/sources_1/ip/ddr/ddr/user_design/rtl/controller/mig_7series_v4_2_bank_state.v:141]
INFO: [Synth 8-6157] synthesizing module 'mig_7series_v4_2_bank_queue__parameterized2' [c:/CM/VHDL_Study_Hall/Demo_OutOfBoxHardwareShowcase/hw.gen/sources_1/ip/ddr/ddr/user_design/rtl/controller/mig_7series_v4_2_bank_queue.v:174]
INFO: [Synth 8-6155] done synthesizing module 'mig_7series_v4_2_bank_queue__parameterized2' (0#1) [c:/CM/VHDL_Study_Hall/Demo_OutOfBoxHardwareShowcase/hw.gen/sources_1/ip/ddr/ddr/user_design/rtl/controller/mig_7series_v4_2_bank_queue.v:174]
INFO: [Synth 8-6155] done synthesizing module 'mig_7series_v4_2_bank_cntrl__parameterized2' (0#1) [c:/CM/VHDL_Study_Hall/Demo_OutOfBoxHardwareShowcase/hw.gen/sources_1/ip/ddr/ddr/user_design/rtl/controller/mig_7series_v4_2_bank_cntrl.v:70]
INFO: [Synth 8-6157] synthesizing module 'mig_7series_v4_2_bank_common' [c:/CM/VHDL_Study_Hall/Demo_OutOfBoxHardwareShowcase/hw.gen/sources_1/ip/ddr/ddr/user_design/rtl/controller/mig_7series_v4_2_bank_common.v:73]
INFO: [Synth 8-6155] done synthesizing module 'mig_7series_v4_2_bank_common' (0#1) [c:/CM/VHDL_Study_Hall/Demo_OutOfBoxHardwareShowcase/hw.gen/sources_1/ip/ddr/ddr/user_design/rtl/controller/mig_7series_v4_2_bank_common.v:73]
INFO: [Synth 8-6157] synthesizing module 'mig_7series_v4_2_arb_mux' [c:/CM/VHDL_Study_Hall/Demo_OutOfBoxHardwareShowcase/hw.gen/sources_1/ip/ddr/ddr/user_design/rtl/controller/mig_7series_v4_2_arb_mux.v:69]
INFO: [Synth 8-6157] synthesizing module 'mig_7series_v4_2_arb_row_col' [c:/CM/VHDL_Study_Hall/Demo_OutOfBoxHardwareShowcase/hw.gen/sources_1/ip/ddr/ddr/user_design/rtl/controller/mig_7series_v4_2_arb_row_col.v:83]
INFO: [Synth 8-6157] synthesizing module 'mig_7series_v4_2_round_robin_arb__parameterized1' [c:/CM/VHDL_Study_Hall/Demo_OutOfBoxHardwareShowcase/hw.gen/sources_1/ip/ddr/ddr/user_design/rtl/controller/mig_7series_v4_2_round_robin_arb.v:121]
INFO: [Synth 8-6155] done synthesizing module 'mig_7series_v4_2_round_robin_arb__parameterized1' (0#1) [c:/CM/VHDL_Study_Hall/Demo_OutOfBoxHardwareShowcase/hw.gen/sources_1/ip/ddr/ddr/user_design/rtl/controller/mig_7series_v4_2_round_robin_arb.v:121]
INFO: [Synth 8-6155] done synthesizing module 'mig_7series_v4_2_arb_row_col' (0#1) [c:/CM/VHDL_Study_Hall/Demo_OutOfBoxHardwareShowcase/hw.gen/sources_1/ip/ddr/ddr/user_design/rtl/controller/mig_7series_v4_2_arb_row_col.v:83]
INFO: [Synth 8-6157] synthesizing module 'mig_7series_v4_2_arb_select' [c:/CM/VHDL_Study_Hall/Demo_OutOfBoxHardwareShowcase/hw.gen/sources_1/ip/ddr/ddr/user_design/rtl/controller/mig_7series_v4_2_arb_select.v:75]
INFO: [Synth 8-6155] done synthesizing module 'mig_7series_v4_2_arb_select' (0#1) [c:/CM/VHDL_Study_Hall/Demo_OutOfBoxHardwareShowcase/hw.gen/sources_1/ip/ddr/ddr/user_design/rtl/controller/mig_7series_v4_2_arb_select.v:75]
INFO: [Synth 8-6155] done synthesizing module 'mig_7series_v4_2_arb_mux' (0#1) [c:/CM/VHDL_Study_Hall/Demo_OutOfBoxHardwareShowcase/hw.gen/sources_1/ip/ddr/ddr/user_design/rtl/controller/mig_7series_v4_2_arb_mux.v:69]
INFO: [Synth 8-6155] done synthesizing module 'mig_7series_v4_2_bank_mach' (0#1) [c:/CM/VHDL_Study_Hall/Demo_OutOfBoxHardwareShowcase/hw.gen/sources_1/ip/ddr/ddr/user_design/rtl/controller/mig_7series_v4_2_bank_mach.v:72]
WARNING: [Synth 8-7071] port 'idle' of module 'mig_7series_v4_2_bank_mach' is unconnected for instance 'bank_mach0' [c:/CM/VHDL_Study_Hall/Demo_OutOfBoxHardwareShowcase/hw.gen/sources_1/ip/ddr/ddr/user_design/rtl/controller/mig_7series_v4_2_mc.v:670]
WARNING: [Synth 8-7023] instance 'bank_mach0' of module 'mig_7series_v4_2_bank_mach' has 74 connections declared, but only 73 given [c:/CM/VHDL_Study_Hall/Demo_OutOfBoxHardwareShowcase/hw.gen/sources_1/ip/ddr/ddr/user_design/rtl/controller/mig_7series_v4_2_mc.v:670]
INFO: [Synth 8-6157] synthesizing module 'mig_7series_v4_2_col_mach' [c:/CM/VHDL_Study_Hall/Demo_OutOfBoxHardwareShowcase/hw.gen/sources_1/ip/ddr/ddr/user_design/rtl/controller/mig_7series_v4_2_col_mach.v:88]
INFO: [Synth 8-6157] synthesizing module 'RAM32M' [C:/AMDDesignTools/2025.2/Vivado/scripts/rt/data/unisim_comp.v:154113]
INFO: [Synth 8-6155] done synthesizing module 'RAM32M' (0#1) [C:/AMDDesignTools/2025.2/Vivado/scripts/rt/data/unisim_comp.v:154113]
INFO: [Synth 8-6155] done synthesizing module 'mig_7series_v4_2_col_mach' (0#1) [c:/CM/VHDL_Study_Hall/Demo_OutOfBoxHardwareShowcase/hw.gen/sources_1/ip/ddr/ddr/user_design/rtl/controller/mig_7series_v4_2_col_mach.v:88]
INFO: [Synth 8-6155] done synthesizing module 'mig_7series_v4_2_mc' (0#1) [c:/CM/VHDL_Study_Hall/Demo_OutOfBoxHardwareShowcase/hw.gen/sources_1/ip/ddr/ddr/user_design/rtl/controller/mig_7series_v4_2_mc.v:73]
INFO: [Synth 8-638] synthesizing module 'mig_7series_v4_2_ddr_phy_top' [c:/CM/VHDL_Study_Hall/Demo_OutOfBoxHardwareShowcase/hw.gen/sources_1/ip/ddr/ddr/user_design/rtl/phy/mig_7series_v4_2_ddr_phy_top.vhd:370]
	Parameter TCQ bound to: 100 - type: integer 
	Parameter tCK bound to: 3333 - type: integer 
	Parameter BANK_TYPE bound to: HR_IO - type: string 
	Parameter DATA_IO_PRIM_TYPE bound to: HR_LP - type: string 
	Parameter DATA_IO_IDLE_PWRDWN bound to: ON - type: string 
	Parameter IODELAY_GRP bound to: DDR_IODELAY_MIG0 - type: string 
	Parameter FPGA_SPEED_GRADE bound to: 1 - type: integer 
	Parameter nCK_PER_CLK bound to: 4 - type: integer 
	Parameter nCS_PER_RANK bound to: 1 - type: integer 
	Parameter BANK_WIDTH bound to: 3 - type: integer 
	Parameter CKE_WIDTH bound to: 1 - type: integer 
	Parameter CS_WIDTH bound to: 1 - type: integer 
	Parameter CK_WIDTH bound to: 1 - type: integer 
	Parameter CWL bound to: 4 - type: integer 
	Parameter DDR2_DQSN_ENABLE bound to: YES - type: string 
	Parameter DM_WIDTH bound to: 2 - type: integer 
	Parameter DQ_WIDTH bound to: 16 - type: integer 
	Parameter DQS_CNT_WIDTH bound to: 1 - type: integer 
	Parameter DQS_WIDTH bound to: 2 - type: integer 
	Parameter DRAM_TYPE bound to: DDR2 - type: string 
	Parameter RANKS bound to: 1 - type: integer 
	Parameter ODT_WIDTH bound to: 1 - type: integer 
	Parameter REG_CTRL bound to: OFF - type: string 
	Parameter ROW_WIDTH bound to: 13 - type: integer 
	Parameter USE_CS_PORT bound to: 1 - type: integer 
	Parameter USE_DM_PORT bound to: 1 - type: integer 
	Parameter USE_ODT_PORT bound to: 1 - type: integer 
	Parameter IBUF_LPWR_MODE bound to: OFF - type: string 
	Parameter LP_DDR_CK_WIDTH bound to: 2 - type: integer 
	Parameter PHYCTL_CMD_FIFO bound to: FALSE - type: string 
	Parameter DATA_CTL_B0 bound to: 4'b0101 
	Parameter DATA_CTL_B1 bound to: 4'b0000 
	Parameter DATA_CTL_B2 bound to: 4'b0000 
	Parameter DATA_CTL_B3 bound to: 4'b0000 
	Parameter DATA_CTL_B4 bound to: 4'b0000 
	Parameter BYTE_LANES_B0 bound to: 4'b1111 
	Parameter BYTE_LANES_B1 bound to: 4'b0000 
	Parameter BYTE_LANES_B2 bound to: 4'b0000 
	Parameter BYTE_LANES_B3 bound to: 4'b0000 
	Parameter BYTE_LANES_B4 bound to: 4'b0000 
	Parameter PHY_0_BITLANES bound to: 48'b111111111100001111110111111111111111001111111110 
	Parameter PHY_1_BITLANES bound to: 48'b000000000000000000000000000000000000000000000000 
	Parameter PHY_2_BITLANES bound to: 48'b000000000000000000000000000000000000000000000000 
	Parameter HIGHEST_BANK bound to: 1 - type: integer 
	Parameter HIGHEST_LANE bound to: 4 - type: integer 
	Parameter CK_BYTE_MAP bound to: 144'b000000000000000000000000000000000000000000000000000000000000000000000000000000000000000000000000000000000000000000000000000000000000000000000011 
	Parameter ADDR_MAP bound to: 192'b000000000000000000000000000000000000000000010000000000110011000000011010000000011001000000110010000000111010000000110100000000011000000000110110000000010010000000010001000000010111000000010101 
	Parameter BANK_MAP bound to: 36'b000000010011000000010110000000011011 
	Parameter CAS_MAP bound to: 12'b000000111001 
	Parameter CKE_ODT_BYTE_MAP bound to: 8'b00000000 
	Parameter CKE_MAP bound to: 96'b000000000000000000000000000000000000000000000000000000000000000000000000000000000000000000111000 
	Parameter ODT_MAP bound to: 96'b000000000000000000000000000000000000000000000000000000000000000000000000000000000000000000110101 
	Parameter CKE_ODT_AUX bound to: FALSE - type: string 
	Parameter CS_MAP bound to: 120'b000000000000000000000000000000000000000000000000000000000000000000000000000000000000000000000000000000000000000000110111 
	Parameter PARITY_MAP bound to: 12'b000000000000 
	Parameter RAS_MAP bound to: 12'b000000010100 
	Parameter WE_MAP bound to: 12'b000000111011 
	Parameter DQS_BYTE_MAP bound to: 144'b000000000000000000000000000000000000000000000000000000000000000000000000000000000000000000000000000000000000000000000000000000000000001000000000 
	Parameter DATA0_MAP bound to: 96'b000000001000000000000100000000001001000000000111000000000101000000000001000000000110000000000011 
	Parameter DATA1_MAP bound to: 96'b000000100010000000101000000000100000000000100100000000100111000000100101000000100110000000100001 
	Parameter DATA2_MAP bound to: 96'b000000000000000000000000000000000000000000000000000000000000000000000000000000000000000000000000 
	Parameter DATA3_MAP bound to: 96'b000000000000000000000000000000000000000000000000000000000000000000000000000000000000000000000000 
	Parameter DATA4_MAP bound to: 96'b000000000000000000000000000000000000000000000000000000000000000000000000000000000000000000000000 
	Parameter DATA5_MAP bound to: 96'b000000000000000000000000000000000000000000000000000000000000000000000000000000000000000000000000 
	Parameter DATA6_MAP bound to: 96'b000000000000000000000000000000000000000000000000000000000000000000000000000000000000000000000000 
	Parameter DATA7_MAP bound to: 96'b000000000000000000000000000000000000000000000000000000000000000000000000000000000000000000000000 
	Parameter DATA8_MAP bound to: 96'b000000000000000000000000000000000000000000000000000000000000000000000000000000000000000000000000 
	Parameter DATA9_MAP bound to: 96'b000000000000000000000000000000000000000000000000000000000000000000000000000000000000000000000000 
	Parameter DATA10_MAP bound to: 96'b000000000000000000000000000000000000000000000000000000000000000000000000000000000000000000000000 
	Parameter DATA11_MAP bound to: 96'b000000000000000000000000000000000000000000000000000000000000000000000000000000000000000000000000 
	Parameter DATA12_MAP bound to: 96'b000000000000000000000000000000000000000000000000000000000000000000000000000000000000000000000000 
	Parameter DATA13_MAP bound to: 96'b000000000000000000000000000000000000000000000000000000000000000000000000000000000000000000000000 
	Parameter DATA14_MAP bound to: 96'b000000000000000000000000000000000000000000000000000000000000000000000000000000000000000000000000 
	Parameter DATA15_MAP bound to: 96'b000000000000000000000000000000000000000000000000000000000000000000000000000000000000000000000000 
	Parameter DATA16_MAP bound to: 96'b000000000000000000000000000000000000000000000000000000000000000000000000000000000000000000000000 
	Parameter DATA17_MAP bound to: 96'b000000000000000000000000000000000000000000000000000000000000000000000000000000000000000000000000 
	Parameter MASK0_MAP bound to: 108'b000000000000000000000000000000000000000000000000000000000000000000000000000000000000000000101001000000000010 
	Parameter MASK1_MAP bound to: 108'b000000000000000000000000000000000000000000000000000000000000000000000000000000000000000000000000000000000000 
	Parameter SIM_CAL_OPTION bound to: NONE - type: string 
	Parameter MASTER_PHY_CTL bound to: 0 - type: integer 
	Parameter DRAM_WIDTH bound to: 8 - type: integer 
	Parameter POC_USE_METASTABLE_SAMP bound to: FALSE - type: string 
	Parameter PI_DIV2_INCDEC bound to: FALSE - type: string 
INFO: [Synth 8-3491] module 'mig_7series_v4_2_ddr_mc_phy_wrapper' declared at 'c:/CM/VHDL_Study_Hall/Demo_OutOfBoxHardwareShowcase/hw.gen/sources_1/ip/ddr/ddr/user_design/rtl/phy/mig_7series_v4_2_ddr_mc_phy_wrapper.v:71' bound to instance 'u_ddr_mc_phy_wrapper' of component 'mig_7series_v4_2_ddr_mc_phy_wrapper' [c:/CM/VHDL_Study_Hall/Demo_OutOfBoxHardwareShowcase/hw.gen/sources_1/ip/ddr/ddr/user_design/rtl/phy/mig_7series_v4_2_ddr_phy_top.vhd:1764]
INFO: [Synth 8-6157] synthesizing module 'mig_7series_v4_2_ddr_mc_phy_wrapper' [c:/CM/VHDL_Study_Hall/Demo_OutOfBoxHardwareShowcase/hw.gen/sources_1/ip/ddr/ddr/user_design/rtl/phy/mig_7series_v4_2_ddr_mc_phy_wrapper.v:71]
INFO: [Synth 8-6157] synthesizing module 'OBUF' [C:/AMDDesignTools/2025.2/Vivado/scripts/rt/data/unisim_comp.v:113520]
INFO: [Synth 8-6155] done synthesizing module 'OBUF' (0#1) [C:/AMDDesignTools/2025.2/Vivado/scripts/rt/data/unisim_comp.v:113520]
INFO: [Synth 8-6157] synthesizing module 'OBUFT' [C:/AMDDesignTools/2025.2/Vivado/scripts/rt/data/unisim_comp.v:113954]
INFO: [Synth 8-6155] done synthesizing module 'OBUFT' (0#1) [C:/AMDDesignTools/2025.2/Vivado/scripts/rt/data/unisim_comp.v:113954]
INFO: [Synth 8-6157] synthesizing module 'IOBUF_INTERMDISABLE' [C:/AMDDesignTools/2025.2/Vivado/scripts/rt/data/unisim_comp.v:88546]
INFO: [Synth 8-6155] done synthesizing module 'IOBUF_INTERMDISABLE' (0#1) [C:/AMDDesignTools/2025.2/Vivado/scripts/rt/data/unisim_comp.v:88546]
INFO: [Synth 8-6157] synthesizing module 'IOBUFDS_INTERMDISABLE' [C:/AMDDesignTools/2025.2/Vivado/scripts/rt/data/unisim_comp.v:87985]
INFO: [Synth 8-6155] done synthesizing module 'IOBUFDS_INTERMDISABLE' (0#1) [C:/AMDDesignTools/2025.2/Vivado/scripts/rt/data/unisim_comp.v:87985]
INFO: [Synth 8-6157] synthesizing module 'mig_7series_v4_2_ddr_of_pre_fifo' [c:/CM/VHDL_Study_Hall/Demo_OutOfBoxHardwareShowcase/hw.gen/sources_1/ip/ddr/ddr/user_design/rtl/phy/mig_7series_v4_2_ddr_of_pre_fifo.v:76]
INFO: [Synth 8-6155] done synthesizing module 'mig_7series_v4_2_ddr_of_pre_fifo' (0#1) [c:/CM/VHDL_Study_Hall/Demo_OutOfBoxHardwareShowcase/hw.gen/sources_1/ip/ddr/ddr/user_design/rtl/phy/mig_7series_v4_2_ddr_of_pre_fifo.v:76]
WARNING: [Synth 8-7071] port 'afull' of module 'mig_7series_v4_2_ddr_of_pre_fifo' is unconnected for instance 'phy_ctl_pre_fifo_0' [c:/CM/VHDL_Study_Hall/Demo_OutOfBoxHardwareShowcase/hw.gen/sources_1/ip/ddr/ddr/user_design/rtl/phy/mig_7series_v4_2_ddr_mc_phy_wrapper.v:1428]
WARNING: [Synth 8-7023] instance 'phy_ctl_pre_fifo_0' of module 'mig_7series_v4_2_ddr_of_pre_fifo' has 8 connections declared, but only 7 given [c:/CM/VHDL_Study_Hall/Demo_OutOfBoxHardwareShowcase/hw.gen/sources_1/ip/ddr/ddr/user_design/rtl/phy/mig_7series_v4_2_ddr_mc_phy_wrapper.v:1428]
INFO: [Synth 8-6157] synthesizing module 'mig_7series_v4_2_ddr_of_pre_fifo__parameterized0' [c:/CM/VHDL_Study_Hall/Demo_OutOfBoxHardwareShowcase/hw.gen/sources_1/ip/ddr/ddr/user_design/rtl/phy/mig_7series_v4_2_ddr_of_pre_fifo.v:76]
INFO: [Synth 8-6155] done synthesizing module 'mig_7series_v4_2_ddr_of_pre_fifo__parameterized0' (0#1) [c:/CM/VHDL_Study_Hall/Demo_OutOfBoxHardwareShowcase/hw.gen/sources_1/ip/ddr/ddr/user_design/rtl/phy/mig_7series_v4_2_ddr_of_pre_fifo.v:76]
WARNING: [Synth 8-7071] port 'afull' of module 'mig_7series_v4_2_ddr_of_pre_fifo' is unconnected for instance 'phy_ctl_pre_fifo_1' [c:/CM/VHDL_Study_Hall/Demo_OutOfBoxHardwareShowcase/hw.gen/sources_1/ip/ddr/ddr/user_design/rtl/phy/mig_7series_v4_2_ddr_mc_phy_wrapper.v:1445]
WARNING: [Synth 8-7023] instance 'phy_ctl_pre_fifo_1' of module 'mig_7series_v4_2_ddr_of_pre_fifo' has 8 connections declared, but only 7 given [c:/CM/VHDL_Study_Hall/Demo_OutOfBoxHardwareShowcase/hw.gen/sources_1/ip/ddr/ddr/user_design/rtl/phy/mig_7series_v4_2_ddr_mc_phy_wrapper.v:1445]
WARNING: [Synth 8-7071] port 'afull' of module 'mig_7series_v4_2_ddr_of_pre_fifo' is unconnected for instance 'phy_ctl_pre_fifo_2' [c:/CM/VHDL_Study_Hall/Demo_OutOfBoxHardwareShowcase/hw.gen/sources_1/ip/ddr/ddr/user_design/rtl/phy/mig_7series_v4_2_ddr_mc_phy_wrapper.v:1462]
WARNING: [Synth 8-7023] instance 'phy_ctl_pre_fifo_2' of module 'mig_7series_v4_2_ddr_of_pre_fifo' has 8 connections declared, but only 7 given [c:/CM/VHDL_Study_Hall/Demo_OutOfBoxHardwareShowcase/hw.gen/sources_1/ip/ddr/ddr/user_design/rtl/phy/mig_7series_v4_2_ddr_mc_phy_wrapper.v:1462]
WARNING: [Synth 8-5974] attribute "use_dsp48" has been deprecated, please use "use_dsp" instead 
INFO: [Synth 8-6157] synthesizing module 'mig_7series_v4_2_ddr_mc_phy' [c:/CM/VHDL_Study_Hall/Demo_OutOfBoxHardwareShowcase/hw.gen/sources_1/ip/ddr/ddr/user_design/rtl/phy/mig_7series_v4_2_ddr_mc_phy.v:70]
INFO: [Synth 8-6157] synthesizing module 'mig_7series_v4_2_ddr_phy_4lanes' [c:/CM/VHDL_Study_Hall/Demo_OutOfBoxHardwareShowcase/hw.gen/sources_1/ip/ddr/ddr/user_design/rtl/phy/mig_7series_v4_2_ddr_phy_4lanes.v:72]
INFO: [Synth 8-6157] synthesizing module 'mig_7series_v4_2_ddr_byte_lane' [c:/CM/VHDL_Study_Hall/Demo_OutOfBoxHardwareShowcase/hw.gen/sources_1/ip/ddr/ddr/user_design/rtl/phy/mig_7series_v4_2_ddr_byte_lane.v:68]
INFO: [Synth 8-6157] synthesizing module 'mig_7series_v4_2_ddr_if_post_fifo' [c:/CM/VHDL_Study_Hall/Demo_OutOfBoxHardwareShowcase/hw.gen/sources_1/ip/ddr/ddr/user_design/rtl/phy/mig_7series_v4_2_ddr_if_post_fifo.v:67]
INFO: [Synth 8-155] case statement is not full and has no default [c:/CM/VHDL_Study_Hall/Demo_OutOfBoxHardwareShowcase/hw.gen/sources_1/ip/ddr/ddr/user_design/rtl/phy/mig_7series_v4_2_ddr_if_post_fifo.v:109]
INFO: [Synth 8-6155] done synthesizing module 'mig_7series_v4_2_ddr_if_post_fifo' (0#1) [c:/CM/VHDL_Study_Hall/Demo_OutOfBoxHardwareShowcase/hw.gen/sources_1/ip/ddr/ddr/user_design/rtl/phy/mig_7series_v4_2_ddr_if_post_fifo.v:67]
INFO: [Synth 8-6157] synthesizing module 'mig_7series_v4_2_ddr_of_pre_fifo__parameterized1' [c:/CM/VHDL_Study_Hall/Demo_OutOfBoxHardwareShowcase/hw.gen/sources_1/ip/ddr/ddr/user_design/rtl/phy/mig_7series_v4_2_ddr_of_pre_fifo.v:76]
INFO: [Synth 8-6155] done synthesizing module 'mig_7series_v4_2_ddr_of_pre_fifo__parameterized1' (0#1) [c:/CM/VHDL_Study_Hall/Demo_OutOfBoxHardwareShowcase/hw.gen/sources_1/ip/ddr/ddr/user_design/rtl/phy/mig_7series_v4_2_ddr_of_pre_fifo.v:76]
INFO: [Synth 8-6157] synthesizing module 'PHASER_IN_PHY' [C:/AMDDesignTools/2025.2/Vivado/scripts/rt/data/unisim_comp.v:133593]
INFO: [Synth 8-6155] done synthesizing module 'PHASER_IN_PHY' (0#1) [C:/AMDDesignTools/2025.2/Vivado/scripts/rt/data/unisim_comp.v:133593]
INFO: [Synth 8-6157] synthesizing module 'IN_FIFO' [C:/AMDDesignTools/2025.2/Vivado/scripts/rt/data/unisim_comp.v:87498]
INFO: [Synth 8-6155] done synthesizing module 'IN_FIFO' (0#1) [C:/AMDDesignTools/2025.2/Vivado/scripts/rt/data/unisim_comp.v:87498]
INFO: [Synth 8-6157] synthesizing module 'PHASER_OUT_PHY' [C:/AMDDesignTools/2025.2/Vivado/scripts/rt/data/unisim_comp.v:133730]
INFO: [Synth 8-6155] done synthesizing module 'PHASER_OUT_PHY' (0#1) [C:/AMDDesignTools/2025.2/Vivado/scripts/rt/data/unisim_comp.v:133730]
INFO: [Synth 8-6157] synthesizing module 'OUT_FIFO' [C:/AMDDesignTools/2025.2/Vivado/scripts/rt/data/unisim_comp.v:117947]
INFO: [Synth 8-6155] done synthesizing module 'OUT_FIFO' (0#1) [C:/AMDDesignTools/2025.2/Vivado/scripts/rt/data/unisim_comp.v:117947]
INFO: [Synth 8-6157] synthesizing module 'mig_7series_v4_2_ddr_byte_group_io' [c:/CM/VHDL_Study_Hall/Demo_OutOfBoxHardwareShowcase/hw.gen/sources_1/ip/ddr/ddr/user_design/rtl/phy/mig_7series_v4_2_ddr_byte_group_io.v:68]
INFO: [Synth 8-6157] synthesizing module 'IDELAYE2' [C:/AMDDesignTools/2025.2/Vivado/scripts/rt/data/unisim_comp.v:85109]
INFO: [Synth 8-6155] done synthesizing module 'IDELAYE2' (0#1) [C:/AMDDesignTools/2025.2/Vivado/scripts/rt/data/unisim_comp.v:85109]
INFO: [Synth 8-6157] synthesizing module 'ISERDESE2' [C:/AMDDesignTools/2025.2/Vivado/scripts/rt/data/unisim_comp.v:90334]
INFO: [Synth 8-6155] done synthesizing module 'ISERDESE2' (0#1) [C:/AMDDesignTools/2025.2/Vivado/scripts/rt/data/unisim_comp.v:90334]
INFO: [Synth 8-6157] synthesizing module 'OSERDESE2' [C:/AMDDesignTools/2025.2/Vivado/scripts/rt/data/unisim_comp.v:117832]
INFO: [Synth 8-6155] done synthesizing module 'OSERDESE2' (0#1) [C:/AMDDesignTools/2025.2/Vivado/scripts/rt/data/unisim_comp.v:117832]
INFO: [Synth 8-6157] synthesizing module 'OSERDESE2__parameterized0' [C:/AMDDesignTools/2025.2/Vivado/scripts/rt/data/unisim_comp.v:117832]
INFO: [Synth 8-6155] done synthesizing module 'OSERDESE2__parameterized0' (0#1) [C:/AMDDesignTools/2025.2/Vivado/scripts/rt/data/unisim_comp.v:117832]
INFO: [Synth 8-6157] synthesizing module 'ODDR' [C:/AMDDesignTools/2025.2/Vivado/scripts/rt/data/unisim_comp.v:117225]
INFO: [Synth 8-6155] done synthesizing module 'ODDR' (0#1) [C:/AMDDesignTools/2025.2/Vivado/scripts/rt/data/unisim_comp.v:117225]
INFO: [Synth 8-6155] done synthesizing module 'mig_7series_v4_2_ddr_byte_group_io' (0#1) [c:/CM/VHDL_Study_Hall/Demo_OutOfBoxHardwareShowcase/hw.gen/sources_1/ip/ddr/ddr/user_design/rtl/phy/mig_7series_v4_2_ddr_byte_group_io.v:68]
INFO: [Synth 8-6155] done synthesizing module 'mig_7series_v4_2_ddr_byte_lane' (0#1) [c:/CM/VHDL_Study_Hall/Demo_OutOfBoxHardwareShowcase/hw.gen/sources_1/ip/ddr/ddr/user_design/rtl/phy/mig_7series_v4_2_ddr_byte_lane.v:68]
INFO: [Synth 8-6157] synthesizing module 'mig_7series_v4_2_ddr_byte_lane__parameterized0' [c:/CM/VHDL_Study_Hall/Demo_OutOfBoxHardwareShowcase/hw.gen/sources_1/ip/ddr/ddr/user_design/rtl/phy/mig_7series_v4_2_ddr_byte_lane.v:68]
INFO: [Synth 8-6157] synthesizing module 'PHASER_OUT_PHY__parameterized0' [C:/AMDDesignTools/2025.2/Vivado/scripts/rt/data/unisim_comp.v:133730]
INFO: [Synth 8-6155] done synthesizing module 'PHASER_OUT_PHY__parameterized0' (0#1) [C:/AMDDesignTools/2025.2/Vivado/scripts/rt/data/unisim_comp.v:133730]
INFO: [Synth 8-6157] synthesizing module 'OUT_FIFO__parameterized0' [C:/AMDDesignTools/2025.2/Vivado/scripts/rt/data/unisim_comp.v:117947]
INFO: [Synth 8-6155] done synthesizing module 'OUT_FIFO__parameterized0' (0#1) [C:/AMDDesignTools/2025.2/Vivado/scripts/rt/data/unisim_comp.v:117947]
INFO: [Synth 8-6157] synthesizing module 'mig_7series_v4_2_ddr_byte_group_io__parameterized0' [c:/CM/VHDL_Study_Hall/Demo_OutOfBoxHardwareShowcase/hw.gen/sources_1/ip/ddr/ddr/user_design/rtl/phy/mig_7series_v4_2_ddr_byte_group_io.v:68]
INFO: [Synth 8-6157] synthesizing module 'OSERDESE2__parameterized1' [C:/AMDDesignTools/2025.2/Vivado/scripts/rt/data/unisim_comp.v:117832]
INFO: [Synth 8-6155] done synthesizing module 'OSERDESE2__parameterized1' (0#1) [C:/AMDDesignTools/2025.2/Vivado/scripts/rt/data/unisim_comp.v:117832]
INFO: [Synth 8-6155] done synthesizing module 'mig_7series_v4_2_ddr_byte_group_io__parameterized0' (0#1) [c:/CM/VHDL_Study_Hall/Demo_OutOfBoxHardwareShowcase/hw.gen/sources_1/ip/ddr/ddr/user_design/rtl/phy/mig_7series_v4_2_ddr_byte_group_io.v:68]
INFO: [Synth 8-6155] done synthesizing module 'mig_7series_v4_2_ddr_byte_lane__parameterized0' (0#1) [c:/CM/VHDL_Study_Hall/Demo_OutOfBoxHardwareShowcase/hw.gen/sources_1/ip/ddr/ddr/user_design/rtl/phy/mig_7series_v4_2_ddr_byte_lane.v:68]
INFO: [Synth 8-6157] synthesizing module 'mig_7series_v4_2_ddr_byte_lane__parameterized1' [c:/CM/VHDL_Study_Hall/Demo_OutOfBoxHardwareShowcase/hw.gen/sources_1/ip/ddr/ddr/user_design/rtl/phy/mig_7series_v4_2_ddr_byte_lane.v:68]
INFO: [Synth 8-6157] synthesizing module 'mig_7series_v4_2_ddr_byte_group_io__parameterized1' [c:/CM/VHDL_Study_Hall/Demo_OutOfBoxHardwareShowcase/hw.gen/sources_1/ip/ddr/ddr/user_design/rtl/phy/mig_7series_v4_2_ddr_byte_group_io.v:68]
INFO: [Synth 8-6155] done synthesizing module 'mig_7series_v4_2_ddr_byte_group_io__parameterized1' (0#1) [c:/CM/VHDL_Study_Hall/Demo_OutOfBoxHardwareShowcase/hw.gen/sources_1/ip/ddr/ddr/user_design/rtl/phy/mig_7series_v4_2_ddr_byte_group_io.v:68]
INFO: [Synth 8-6155] done synthesizing module 'mig_7series_v4_2_ddr_byte_lane__parameterized1' (0#1) [c:/CM/VHDL_Study_Hall/Demo_OutOfBoxHardwareShowcase/hw.gen/sources_1/ip/ddr/ddr/user_design/rtl/phy/mig_7series_v4_2_ddr_byte_lane.v:68]
INFO: [Synth 8-6157] synthesizing module 'mig_7series_v4_2_ddr_byte_lane__parameterized2' [c:/CM/VHDL_Study_Hall/Demo_OutOfBoxHardwareShowcase/hw.gen/sources_1/ip/ddr/ddr/user_design/rtl/phy/mig_7series_v4_2_ddr_byte_lane.v:68]
INFO: [Synth 8-6157] synthesizing module 'OBUFDS' [C:/AMDDesignTools/2025.2/Vivado/scripts/rt/data/unisim_comp.v:113534]
INFO: [Synth 8-6155] done synthesizing module 'OBUFDS' (0#1) [C:/AMDDesignTools/2025.2/Vivado/scripts/rt/data/unisim_comp.v:113534]
INFO: [Synth 8-6157] synthesizing module 'mig_7series_v4_2_ddr_byte_group_io__parameterized2' [c:/CM/VHDL_Study_Hall/Demo_OutOfBoxHardwareShowcase/hw.gen/sources_1/ip/ddr/ddr/user_design/rtl/phy/mig_7series_v4_2_ddr_byte_group_io.v:68]
INFO: [Synth 8-6155] done synthesizing module 'mig_7series_v4_2_ddr_byte_group_io__parameterized2' (0#1) [c:/CM/VHDL_Study_Hall/Demo_OutOfBoxHardwareShowcase/hw.gen/sources_1/ip/ddr/ddr/user_design/rtl/phy/mig_7series_v4_2_ddr_byte_group_io.v:68]
INFO: [Synth 8-6155] done synthesizing module 'mig_7series_v4_2_ddr_byte_lane__parameterized2' (0#1) [c:/CM/VHDL_Study_Hall/Demo_OutOfBoxHardwareShowcase/hw.gen/sources_1/ip/ddr/ddr/user_design/rtl/phy/mig_7series_v4_2_ddr_byte_lane.v:68]
INFO: [Synth 8-6157] synthesizing module 'BUFIO' [C:/AMDDesignTools/2025.2/Vivado/scripts/rt/data/unisim_comp.v:2951]
INFO: [Synth 8-6155] done synthesizing module 'BUFIO' (0#1) [C:/AMDDesignTools/2025.2/Vivado/scripts/rt/data/unisim_comp.v:2951]
INFO: [Synth 8-6157] synthesizing module 'PHY_CONTROL' [C:/AMDDesignTools/2025.2/Vivado/scripts/rt/data/unisim_comp.v:133821]
INFO: [Synth 8-6155] done synthesizing module 'PHY_CONTROL' (0#1) [C:/AMDDesignTools/2025.2/Vivado/scripts/rt/data/unisim_comp.v:133821]
INFO: [Synth 8-226] default block is never used [c:/CM/VHDL_Study_Hall/Demo_OutOfBoxHardwareShowcase/hw.gen/sources_1/ip/ddr/ddr/user_design/rtl/phy/mig_7series_v4_2_ddr_phy_4lanes.v:1557]
INFO: [Synth 8-6157] synthesizing module 'PHASER_REF' [C:/AMDDesignTools/2025.2/Vivado/scripts/rt/data/unisim_comp.v:133805]
INFO: [Synth 8-6155] done synthesizing module 'PHASER_REF' (0#1) [C:/AMDDesignTools/2025.2/Vivado/scripts/rt/data/unisim_comp.v:133805]
INFO: [Synth 8-6155] done synthesizing module 'mig_7series_v4_2_ddr_phy_4lanes' (0#1) [c:/CM/VHDL_Study_Hall/Demo_OutOfBoxHardwareShowcase/hw.gen/sources_1/ip/ddr/ddr/user_design/rtl/phy/mig_7series_v4_2_ddr_phy_4lanes.v:72]
INFO: [Synth 8-6155] done synthesizing module 'mig_7series_v4_2_ddr_mc_phy' (0#1) [c:/CM/VHDL_Study_Hall/Demo_OutOfBoxHardwareShowcase/hw.gen/sources_1/ip/ddr/ddr/user_design/rtl/phy/mig_7series_v4_2_ddr_mc_phy.v:70]
WARNING: [Synth 8-689] width (12) of port connection 'pi_dqs_found_lanes' does not match port width (4) of module 'mig_7series_v4_2_ddr_mc_phy' [c:/CM/VHDL_Study_Hall/Demo_OutOfBoxHardwareShowcase/hw.gen/sources_1/ip/ddr/ddr/user_design/rtl/phy/mig_7series_v4_2_ddr_mc_phy_wrapper.v:1671]
WARNING: [Synth 8-689] width (12) of port connection 'pi_phase_locked_lanes' does not match port width (4) of module 'mig_7series_v4_2_ddr_mc_phy' [c:/CM/VHDL_Study_Hall/Demo_OutOfBoxHardwareShowcase/hw.gen/sources_1/ip/ddr/ddr/user_design/rtl/phy/mig_7series_v4_2_ddr_mc_phy_wrapper.v:1679]
WARNING: [Synth 8-7071] port 'of_data_a_full' of module 'mig_7series_v4_2_ddr_mc_phy' is unconnected for instance 'u_ddr_mc_phy' [c:/CM/VHDL_Study_Hall/Demo_OutOfBoxHardwareShowcase/hw.gen/sources_1/ip/ddr/ddr/user_design/rtl/phy/mig_7series_v4_2_ddr_mc_phy_wrapper.v:1579]
WARNING: [Synth 8-7023] instance 'u_ddr_mc_phy' of module 'mig_7series_v4_2_ddr_mc_phy' has 89 connections declared, but only 88 given [c:/CM/VHDL_Study_Hall/Demo_OutOfBoxHardwareShowcase/hw.gen/sources_1/ip/ddr/ddr/user_design/rtl/phy/mig_7series_v4_2_ddr_mc_phy_wrapper.v:1579]
INFO: [Synth 8-6155] done synthesizing module 'mig_7series_v4_2_ddr_mc_phy_wrapper' (0#1) [c:/CM/VHDL_Study_Hall/Demo_OutOfBoxHardwareShowcase/hw.gen/sources_1/ip/ddr/ddr/user_design/rtl/phy/mig_7series_v4_2_ddr_mc_phy_wrapper.v:71]
	Parameter TCQ bound to: 100 - type: integer 
	Parameter nCK_PER_CLK bound to: 4 - type: integer 
	Parameter tCK bound to: 3333 - type: integer 
	Parameter DDR3_VDD_OP_VOLT bound to: 135 - type: string 
	Parameter CLK_PERIOD bound to: 13332 - type: integer 
	Parameter N_CTL_LANES bound to: 2 - type: integer 
	Parameter DRAM_TYPE bound to: DDR2 - type: string 
	Parameter PRBS_WIDTH bound to: 8 - type: integer 
	Parameter HIGHEST_LANE bound to: 4 - type: integer 
	Parameter HIGHEST_BANK bound to: 1 - type: integer 
	Parameter BANK_TYPE bound to: HR_IO - type: string 
	Parameter DATA_CTL_B0 bound to: 4'b0101 
	Parameter DATA_CTL_B1 bound to: 4'b0000 
	Parameter DATA_CTL_B2 bound to: 4'b0000 
	Parameter DATA_CTL_B3 bound to: 4'b0000 
	Parameter DATA_CTL_B4 bound to: 4'b0000 
	Parameter BYTE_LANES_B0 bound to: 4'b1111 
	Parameter BYTE_LANES_B1 bound to: 4'b0000 
	Parameter BYTE_LANES_B2 bound to: 4'b0000 
	Parameter BYTE_LANES_B3 bound to: 4'b0000 
	Parameter BYTE_LANES_B4 bound to: 4'b0000 
	Parameter DQS_BYTE_MAP bound to: 144'b000000000000000000000000000000000000000000000000000000000000000000000000000000000000000000000000000000000000000000000000000000000000001000000000 
	Parameter CTL_BYTE_LANE bound to: 8'b00001101 
	Parameter CTL_BANK bound to: 3'b000 
	Parameter SLOT_1_CONFIG bound to: 8'b00000000 
	Parameter BANK_WIDTH bound to: 3 - type: integer 
	Parameter CA_MIRROR bound to: OFF - type: string 
	Parameter COL_WIDTH bound to: 10 - type: integer 
	Parameter nCS_PER_RANK bound to: 1 - type: integer 
	Parameter DQ_WIDTH bound to: 16 - type: integer 
	Parameter DQS_CNT_WIDTH bound to: 1 - type: integer 
	Parameter DQS_WIDTH bound to: 2 - type: integer 
	Parameter DRAM_WIDTH bound to: 8 - type: integer 
	Parameter ROW_WIDTH bound to: 13 - type: integer 
	Parameter RANKS bound to: 1 - type: integer 
	Parameter CS_WIDTH bound to: 1 - type: integer 
	Parameter CKE_WIDTH bound to: 1 - type: integer 
	Parameter DDR2_DQSN_ENABLE bound to: YES - type: string 
	Parameter PER_BIT_DESKEW bound to: OFF - type: string 
	Parameter CALIB_ROW_ADD bound to: 16'b0000000000000000 
	Parameter CALIB_COL_ADD bound to: 12'b000000000000 
	Parameter CALIB_BA_ADD bound to: 3'b000 
	Parameter AL bound to: 0 - type: string 
	Parameter ADDR_CMD_MODE bound to: 1T - type: string 
	Parameter BURST_MODE bound to: 8 - type: string 
	Parameter BURST_TYPE bound to: SEQ - type: string 
	Parameter nCL bound to: 5 - type: integer 
	Parameter nCWL bound to: 4 - type: integer 
	Parameter tRFC bound to: 127500 - type: integer 
	Parameter tREFI bound to: 7800000 - type: integer 
	Parameter OUTPUT_DRV bound to: HIGH - type: string 
	Parameter REG_CTRL bound to: OFF - type: string 
	Parameter RTT_NOM bound to: 50 - type: string 
	Parameter RTT_WR bound to: 120 - type: string 
	Parameter USE_ODT_PORT bound to: 1 - type: integer 
	Parameter WRLVL bound to: OFF - type: string 
	Parameter PRE_REV3ES bound to: OFF - type: string 
	Parameter SIM_INIT_OPTION bound to: NONE - type: string 
	Parameter SIM_CAL_OPTION bound to: NONE - type: string 
	Parameter CKE_ODT_AUX bound to: FALSE - type: string 
	Parameter IDELAY_ADJ bound to: OFF - type: string 
	Parameter FINE_PER_BIT bound to: OFF - type: string 
	Parameter CENTER_COMP_MODE bound to: OFF - type: string 
	Parameter PI_VAL_ADJ bound to: OFF - type: string 
	Parameter TAPSPERKCLK bound to: 56 - type: integer 
	Parameter DEBUG_PORT bound to: OFF - type: string 
	Parameter SKIP_CALIB bound to: FALSE - type: string 
	Parameter POC_USE_METASTABLE_SAMP bound to: FALSE - type: string 
	Parameter PI_DIV2_INCDEC bound to: FALSE - type: string 
INFO: [Synth 8-3491] module 'mig_7series_v4_2_ddr_calib_top' declared at 'c:/CM/VHDL_Study_Hall/Demo_OutOfBoxHardwareShowcase/hw.gen/sources_1/ip/ddr/ddr/user_design/rtl/phy/mig_7series_v4_2_ddr_calib_top.v:81' bound to instance 'u_ddr_calib_top' of component 'mig_7series_v4_2_ddr_calib_top' [c:/CM/VHDL_Study_Hall/Demo_OutOfBoxHardwareShowcase/hw.gen/sources_1/ip/ddr/ddr/user_design/rtl/phy/mig_7series_v4_2_ddr_phy_top.vhd:1965]
INFO: [Synth 8-6157] synthesizing module 'mig_7series_v4_2_ddr_calib_top' [c:/CM/VHDL_Study_Hall/Demo_OutOfBoxHardwareShowcase/hw.gen/sources_1/ip/ddr/ddr/user_design/rtl/phy/mig_7series_v4_2_ddr_calib_top.v:81]
INFO: [Synth 8-6157] synthesizing module 'mig_7series_v4_2_ddr_phy_wrlvl_off_delay' [c:/CM/VHDL_Study_Hall/Demo_OutOfBoxHardwareShowcase/hw.gen/sources_1/ip/ddr/ddr/user_design/rtl/phy/mig_7series_v4_2_ddr_phy_wrlvl_off_delay.v:67]
INFO: [Synth 8-6155] done synthesizing module 'mig_7series_v4_2_ddr_phy_wrlvl_off_delay' (0#1) [c:/CM/VHDL_Study_Hall/Demo_OutOfBoxHardwareShowcase/hw.gen/sources_1/ip/ddr/ddr/user_design/rtl/phy/mig_7series_v4_2_ddr_phy_wrlvl_off_delay.v:67]
INFO: [Synth 8-6157] synthesizing module 'mig_7series_v4_2_ddr_phy_dqs_found_cal_hr' [c:/CM/VHDL_Study_Hall/Demo_OutOfBoxHardwareShowcase/hw.gen/sources_1/ip/ddr/ddr/user_design/rtl/phy/mig_7series_v4_2_ddr_phy_dqs_found_cal_hr.v:79]
INFO: [Synth 8-6155] done synthesizing module 'mig_7series_v4_2_ddr_phy_dqs_found_cal_hr' (0#1) [c:/CM/VHDL_Study_Hall/Demo_OutOfBoxHardwareShowcase/hw.gen/sources_1/ip/ddr/ddr/user_design/rtl/phy/mig_7series_v4_2_ddr_phy_dqs_found_cal_hr.v:79]
WARNING: [Synth 8-689] width (2) of port connection 'fine_adjust_lane_cnt' does not match port width (1) of module 'mig_7series_v4_2_ddr_phy_dqs_found_cal_hr' [c:/CM/VHDL_Study_Hall/Demo_OutOfBoxHardwareShowcase/hw.gen/sources_1/ip/ddr/ddr/user_design/rtl/phy/mig_7series_v4_2_ddr_calib_top.v:1962]
INFO: [Synth 8-6157] synthesizing module 'mig_7series_v4_2_ddr_phy_rdlvl' [c:/CM/VHDL_Study_Hall/Demo_OutOfBoxHardwareShowcase/hw.gen/sources_1/ip/ddr/ddr/user_design/rtl/phy/mig_7series_v4_2_ddr_phy_rdlvl.v:78]
WARNING: [Synth 8-5974] attribute "use_dsp48" has been deprecated, please use "use_dsp" instead 
INFO: [Synth 8-155] case statement is not full and has no default [c:/CM/VHDL_Study_Hall/Demo_OutOfBoxHardwareShowcase/hw.gen/sources_1/ip/ddr/ddr/user_design/rtl/phy/mig_7series_v4_2_ddr_phy_rdlvl.v:2745]
INFO: [Synth 8-6155] done synthesizing module 'mig_7series_v4_2_ddr_phy_rdlvl' (0#1) [c:/CM/VHDL_Study_Hall/Demo_OutOfBoxHardwareShowcase/hw.gen/sources_1/ip/ddr/ddr/user_design/rtl/phy/mig_7series_v4_2_ddr_phy_rdlvl.v:78]
INFO: [Synth 8-6157] synthesizing module 'mig_7series_v4_2_ddr_prbs_gen' [c:/CM/VHDL_Study_Hall/Demo_OutOfBoxHardwareShowcase/hw.gen/sources_1/ip/ddr/ddr/user_design/rtl/phy/mig_7series_v4_2_ddr_prbs_gen.v:91]
WARNING: [Synth 8-7186] Applying attribute ram_style = "distributed" is ignored, object 'rd_addr' is not inferred as ram due to incorrect usage [c:/CM/VHDL_Study_Hall/Demo_OutOfBoxHardwareShowcase/hw.gen/sources_1/ip/ddr/ddr/user_design/rtl/phy/mig_7series_v4_2_ddr_prbs_gen.v:202]
WARNING: [Synth 8-7186] Applying attribute ram_style = "distributed" is ignored, object 'mem_out' is not inferred as ram due to incorrect usage [c:/CM/VHDL_Study_Hall/Demo_OutOfBoxHardwareShowcase/hw.gen/sources_1/ip/ddr/ddr/user_design/rtl/phy/mig_7series_v4_2_ddr_prbs_gen.v:204]
INFO: [Synth 8-6155] done synthesizing module 'mig_7series_v4_2_ddr_prbs_gen' (0#1) [c:/CM/VHDL_Study_Hall/Demo_OutOfBoxHardwareShowcase/hw.gen/sources_1/ip/ddr/ddr/user_design/rtl/phy/mig_7series_v4_2_ddr_prbs_gen.v:91]
INFO: [Synth 8-6157] synthesizing module 'mig_7series_v4_2_ddr_phy_init' [c:/CM/VHDL_Study_Hall/Demo_OutOfBoxHardwareShowcase/hw.gen/sources_1/ip/ddr/ddr/user_design/rtl/phy/mig_7series_v4_2_ddr_phy_init.v:88]
INFO: [Synth 8-226] default block is never used [c:/CM/VHDL_Study_Hall/Demo_OutOfBoxHardwareShowcase/hw.gen/sources_1/ip/ddr/ddr/user_design/rtl/phy/mig_7series_v4_2_ddr_phy_init.v:5302]
INFO: [Synth 8-6155] done synthesizing module 'mig_7series_v4_2_ddr_phy_init' (0#1) [c:/CM/VHDL_Study_Hall/Demo_OutOfBoxHardwareShowcase/hw.gen/sources_1/ip/ddr/ddr/user_design/rtl/phy/mig_7series_v4_2_ddr_phy_init.v:88]
WARNING: [Synth 8-7071] port 'complex_oclk_prech_req' of module 'mig_7series_v4_2_ddr_phy_init' is unconnected for instance 'u_ddr_phy_init' [c:/CM/VHDL_Study_Hall/Demo_OutOfBoxHardwareShowcase/hw.gen/sources_1/ip/ddr/ddr/user_design/rtl/phy/mig_7series_v4_2_ddr_calib_top.v:1366]
WARNING: [Synth 8-7023] instance 'u_ddr_phy_init' of module 'mig_7series_v4_2_ddr_phy_init' has 131 connections declared, but only 130 given [c:/CM/VHDL_Study_Hall/Demo_OutOfBoxHardwareShowcase/hw.gen/sources_1/ip/ddr/ddr/user_design/rtl/phy/mig_7series_v4_2_ddr_calib_top.v:1366]
INFO: [Synth 8-6157] synthesizing module 'mig_7series_v4_2_ddr_phy_wrcal' [c:/CM/VHDL_Study_Hall/Demo_OutOfBoxHardwareShowcase/hw.gen/sources_1/ip/ddr/ddr/user_design/rtl/phy/mig_7series_v4_2_ddr_phy_wrcal.v:77]
INFO: [Synth 8-155] case statement is not full and has no default [c:/CM/VHDL_Study_Hall/Demo_OutOfBoxHardwareShowcase/hw.gen/sources_1/ip/ddr/ddr/user_design/rtl/phy/mig_7series_v4_2_ddr_phy_wrcal.v:1130]
INFO: [Synth 8-6155] done synthesizing module 'mig_7series_v4_2_ddr_phy_wrcal' (0#1) [c:/CM/VHDL_Study_Hall/Demo_OutOfBoxHardwareShowcase/hw.gen/sources_1/ip/ddr/ddr/user_design/rtl/phy/mig_7series_v4_2_ddr_phy_wrcal.v:77]
INFO: [Synth 8-6157] synthesizing module 'mig_7series_v4_2_ddr_phy_tempmon' [c:/CM/VHDL_Study_Hall/Demo_OutOfBoxHardwareShowcase/hw.gen/sources_1/ip/ddr/ddr/user_design/rtl/phy/mig_7series_v4_2_ddr_phy_tempmon.v:68]
INFO: [Synth 8-6155] done synthesizing module 'mig_7series_v4_2_ddr_phy_tempmon' (0#1) [c:/CM/VHDL_Study_Hall/Demo_OutOfBoxHardwareShowcase/hw.gen/sources_1/ip/ddr/ddr/user_design/rtl/phy/mig_7series_v4_2_ddr_phy_tempmon.v:68]
INFO: [Synth 8-6155] done synthesizing module 'mig_7series_v4_2_ddr_calib_top' (0#1) [c:/CM/VHDL_Study_Hall/Demo_OutOfBoxHardwareShowcase/hw.gen/sources_1/ip/ddr/ddr/user_design/rtl/phy/mig_7series_v4_2_ddr_calib_top.v:81]
INFO: [Synth 8-256] done synthesizing module 'mig_7series_v4_2_ddr_phy_top' (0#1) [c:/CM/VHDL_Study_Hall/Demo_OutOfBoxHardwareShowcase/hw.gen/sources_1/ip/ddr/ddr/user_design/rtl/phy/mig_7series_v4_2_ddr_phy_top.vhd:370]
INFO: [Synth 8-6155] done synthesizing module 'mig_7series_v4_2_mem_intfc' (0#1) [c:/CM/VHDL_Study_Hall/Demo_OutOfBoxHardwareShowcase/hw.gen/sources_1/ip/ddr/ddr/user_design/rtl/ip_top/mig_7series_v4_2_mem_intfc.v:69]
INFO: [Synth 8-6157] synthesizing module 'mig_7series_v4_2_ui_top' [c:/CM/VHDL_Study_Hall/Demo_OutOfBoxHardwareShowcase/hw.gen/sources_1/ip/ddr/ddr/user_design/rtl/ui/mig_7series_v4_2_ui_top.v:70]
INFO: [Synth 8-6157] synthesizing module 'mig_7series_v4_2_ui_cmd' [c:/CM/VHDL_Study_Hall/Demo_OutOfBoxHardwareShowcase/hw.gen/sources_1/ip/ddr/ddr/user_design/rtl/ui/mig_7series_v4_2_ui_cmd.v:69]
INFO: [Synth 8-6155] done synthesizing module 'mig_7series_v4_2_ui_cmd' (0#1) [c:/CM/VHDL_Study_Hall/Demo_OutOfBoxHardwareShowcase/hw.gen/sources_1/ip/ddr/ddr/user_design/rtl/ui/mig_7series_v4_2_ui_cmd.v:69]
INFO: [Synth 8-6157] synthesizing module 'mig_7series_v4_2_ui_wr_data' [c:/CM/VHDL_Study_Hall/Demo_OutOfBoxHardwareShowcase/hw.gen/sources_1/ip/ddr/ddr/user_design/rtl/ui/mig_7series_v4_2_ui_wr_data.v:130]
INFO: [Synth 8-155] case statement is not full and has no default [c:/CM/VHDL_Study_Hall/Demo_OutOfBoxHardwareShowcase/hw.gen/sources_1/ip/ddr/ddr/user_design/rtl/ui/mig_7series_v4_2_ui_wr_data.v:341]
INFO: [Synth 8-155] case statement is not full and has no default [c:/CM/VHDL_Study_Hall/Demo_OutOfBoxHardwareShowcase/hw.gen/sources_1/ip/ddr/ddr/user_design/rtl/ui/mig_7series_v4_2_ui_wr_data.v:379]
INFO: [Synth 8-6155] done synthesizing module 'mig_7series_v4_2_ui_wr_data' (0#1) [c:/CM/VHDL_Study_Hall/Demo_OutOfBoxHardwareShowcase/hw.gen/sources_1/ip/ddr/ddr/user_design/rtl/ui/mig_7series_v4_2_ui_wr_data.v:130]
INFO: [Synth 8-6157] synthesizing module 'mig_7series_v4_2_ui_rd_data' [c:/CM/VHDL_Study_Hall/Demo_OutOfBoxHardwareShowcase/hw.gen/sources_1/ip/ddr/ddr/user_design/rtl/ui/mig_7series_v4_2_ui_rd_data.v:139]
INFO: [Synth 8-6155] done synthesizing module 'mig_7series_v4_2_ui_rd_data' (0#1) [c:/CM/VHDL_Study_Hall/Demo_OutOfBoxHardwareShowcase/hw.gen/sources_1/ip/ddr/ddr/user_design/rtl/ui/mig_7series_v4_2_ui_rd_data.v:139]
INFO: [Synth 8-6155] done synthesizing module 'mig_7series_v4_2_ui_top' (0#1) [c:/CM/VHDL_Study_Hall/Demo_OutOfBoxHardwareShowcase/hw.gen/sources_1/ip/ddr/ddr/user_design/rtl/ui/mig_7series_v4_2_ui_top.v:70]
INFO: [Synth 8-6155] done synthesizing module 'mig_7series_v4_2_memc_ui_top_std' (0#1) [c:/CM/VHDL_Study_Hall/Demo_OutOfBoxHardwareShowcase/hw.gen/sources_1/ip/ddr/ddr/user_design/rtl/ip_top/mig_7series_v4_2_memc_ui_top_std.v:70]
INFO: [Synth 8-256] done synthesizing module 'ddr_mig' (0#1) [c:/CM/VHDL_Study_Hall/Demo_OutOfBoxHardwareShowcase/hw.gen/sources_1/ip/ddr/ddr/user_design/rtl/ddr_mig.vhd:521]
INFO: [Synth 8-256] done synthesizing module 'ddr' (0#1) [c:/CM/VHDL_Study_Hall/Demo_OutOfBoxHardwareShowcase/hw.gen/sources_1/ip/ddr/ddr/user_design/rtl/ddr.vhd:116]
WARNING: [Synth 8-614] signal 'ram_wen_int' is read in the process but is not in the sensitivity list [C:/CM/VHDL_Study_Hall/Demo_OutOfBoxHardwareShowcase/hw.srcs/sources_1/imports/src/hdl/Ram2Ddr.vhd:267]
WARNING: [Synth 8-614] signal 'ram_oen_int' is read in the process but is not in the sensitivity list [C:/CM/VHDL_Study_Hall/Demo_OutOfBoxHardwareShowcase/hw.srcs/sources_1/imports/src/hdl/Ram2Ddr.vhd:267]
INFO: [Synth 8-226] default block is never used [C:/CM/VHDL_Study_Hall/Demo_OutOfBoxHardwareShowcase/hw.srcs/sources_1/imports/src/hdl/Ram2Ddr.vhd:357]
INFO: [Synth 8-226] default block is never used [C:/CM/VHDL_Study_Hall/Demo_OutOfBoxHardwareShowcase/hw.srcs/sources_1/imports/src/hdl/Ram2Ddr.vhd:459]
INFO: [Synth 8-256] done synthesizing module 'Ram2Ddr' (0#1) [C:/CM/VHDL_Study_Hall/Demo_OutOfBoxHardwareShowcase/hw.srcs/sources_1/imports/src/hdl/Ram2Ddr.vhd:61]
	Parameter C_NR_OF_BITS bound to: 16 - type: integer 
	Parameter C_SYS_CLK_FREQ_MHZ bound to: 100 - type: integer 
	Parameter C_PDM_FREQ_HZ bound to: 2000000 - type: integer 
INFO: [Synth 8-3491] module 'PdmSer' declared at 'C:/CM/VHDL_Study_Hall/Demo_OutOfBoxHardwareShowcase/hw.srcs/sources_1/imports/src/hdl/PdmSer.vhd:41' bound to instance 'Serializer' of component 'PdmSer' [C:/CM/VHDL_Study_Hall/Demo_OutOfBoxHardwareShowcase/hw.srcs/sources_1/imports/src/hdl/AudioDemo.vhd:406]
INFO: [Synth 8-638] synthesizing module 'PdmSer' [C:/CM/VHDL_Study_Hall/Demo_OutOfBoxHardwareShowcase/hw.srcs/sources_1/imports/src/hdl/PdmSer.vhd:59]
	Parameter C_NR_OF_BITS bound to: 16 - type: integer 
	Parameter C_SYS_CLK_FREQ_MHZ bound to: 100 - type: integer 
	Parameter C_PDM_FREQ_HZ bound to: 2000000 - type: integer 
INFO: [Synth 8-256] done synthesizing module 'PdmSer' (0#1) [C:/CM/VHDL_Study_Hall/Demo_OutOfBoxHardwareShowcase/hw.srcs/sources_1/imports/src/hdl/PdmSer.vhd:59]
INFO: [Synth 8-226] default block is never used [C:/CM/VHDL_Study_Hall/Demo_OutOfBoxHardwareShowcase/hw.srcs/sources_1/imports/src/hdl/AudioDemo.vhd:476]
INFO: [Synth 8-226] default block is never used [C:/CM/VHDL_Study_Hall/Demo_OutOfBoxHardwareShowcase/hw.srcs/sources_1/imports/src/hdl/AudioDemo.vhd:524]
	Parameter C_SYS_CLK_FREQ_MHZ bound to: 100 - type: integer 
	Parameter C_SECONDS_TO_RECORD bound to: 5 - type: integer 
INFO: [Synth 8-3491] module 'LedBar' declared at 'C:/CM/VHDL_Study_Hall/Demo_OutOfBoxHardwareShowcase/hw.srcs/sources_1/imports/src/hdl/LedBar.vhd:37' bound to instance 'Leds' of component 'LedBar' [C:/CM/VHDL_Study_Hall/Demo_OutOfBoxHardwareShowcase/hw.srcs/sources_1/imports/src/hdl/AudioDemo.vhd:549]
INFO: [Synth 8-638] synthesizing module 'LedBar' [C:/CM/VHDL_Study_Hall/Demo_OutOfBoxHardwareShowcase/hw.srcs/sources_1/imports/src/hdl/LedBar.vhd:50]
	Parameter C_SYS_CLK_FREQ_MHZ bound to: 100 - type: integer 
	Parameter C_SECONDS_TO_RECORD bound to: 5 - type: integer 
INFO: [Synth 8-256] done synthesizing module 'LedBar' (0#1) [C:/CM/VHDL_Study_Hall/Demo_OutOfBoxHardwareShowcase/hw.srcs/sources_1/imports/src/hdl/LedBar.vhd:50]
INFO: [Synth 8-256] done synthesizing module 'AudioDemo' (0#1) [C:/CM/VHDL_Study_Hall/Demo_OutOfBoxHardwareShowcase/hw.srcs/sources_1/imports/src/hdl/AudioDemo.vhd:87]
INFO: [Synth 8-638] synthesizing module 'FPGAMonitor' [C:/CM/VHDL_Study_Hall/Demo_OutOfBoxHardwareShowcase/hw.srcs/sources_1/imports/src/hdl/FPGAMonitor.vhd:43]
INFO: [Synth 8-3491] module 'LocalRst' declared at 'C:/CM/VHDL_Study_Hall/Demo_OutOfBoxHardwareShowcase/hw.srcs/sources_1/imports/src/hdl/LocalRst.vhd:34' bound to instance 'Sync_Reset' of component 'LocalRst' [C:/CM/VHDL_Study_Hall/Demo_OutOfBoxHardwareShowcase/hw.srcs/sources_1/imports/src/hdl/FPGAMonitor.vhd:71]
INFO: [Synth 8-638] synthesizing module 'LocalRst' [C:/CM/VHDL_Study_Hall/Demo_OutOfBoxHardwareShowcase/hw.srcs/sources_1/imports/src/hdl/LocalRst.vhd:41]
	Parameter RESET_PERIOD bound to: 4 - type: integer 
INFO: [Synth 8-256] done synthesizing module 'LocalRst' (0#1) [C:/CM/VHDL_Study_Hall/Demo_OutOfBoxHardwareShowcase/hw.srcs/sources_1/imports/src/hdl/LocalRst.vhd:41]
	Parameter INIT_40 bound to: 16'b0001000000000000 
	Parameter INIT_41 bound to: 16'b0011111100111111 
	Parameter INIT_42 bound to: 16'b0000010000000000 
	Parameter INIT_48 bound to: 16'b0000000100000000 
	Parameter INIT_49 bound to: 16'b0000000000000000 
	Parameter INIT_4A bound to: 16'b0000000000000000 
	Parameter INIT_4B bound to: 16'b0000000000000000 
	Parameter INIT_4C bound to: 16'b0000000000000000 
	Parameter INIT_4D bound to: 16'b0000000000000000 
	Parameter INIT_4E bound to: 16'b0000000000000000 
	Parameter INIT_4F bound to: 16'b0000000000000000 
	Parameter INIT_50 bound to: 16'b1011010111101101 
	Parameter INIT_51 bound to: 16'b0101011111100100 
	Parameter INIT_52 bound to: 16'b1010000101000111 
	Parameter INIT_53 bound to: 16'b1100101000110011 
	Parameter INIT_54 bound to: 16'b1010100100111010 
	Parameter INIT_55 bound to: 16'b0101001011000110 
	Parameter INIT_56 bound to: 16'b1001010101010101 
	Parameter INIT_57 bound to: 16'b1010111001001110 
	Parameter INIT_58 bound to: 16'b0101100110011001 
	Parameter INIT_5C bound to: 16'b0101000100010001 
	Parameter SIM_DEVICE bound to: 7SERIES - type: string 
INFO: [Synth 8-113] binding component instance 'XADC_INST' to cell 'XADC' [C:/CM/VHDL_Study_Hall/Demo_OutOfBoxHardwareShowcase/hw.srcs/sources_1/imports/src/hdl/FPGAMonitor.vhd:80]
WARNING: [Synth 8-614] signal 'waitCnt' is read in the process but is not in the sensitivity list [C:/CM/VHDL_Study_Hall/Demo_OutOfBoxHardwareShowcase/hw.srcs/sources_1/imports/src/hdl/FPGAMonitor.vhd:203]
WARNING: [Synth 8-614] signal 'x_drdy_r' is read in the process but is not in the sensitivity list [C:/CM/VHDL_Study_Hall/Demo_OutOfBoxHardwareShowcase/hw.srcs/sources_1/imports/src/hdl/FPGAMonitor.vhd:203]
INFO: [Synth 8-256] done synthesizing module 'FPGAMonitor' (0#1) [C:/CM/VHDL_Study_Hall/Demo_OutOfBoxHardwareShowcase/hw.srcs/sources_1/imports/src/hdl/FPGAMonitor.vhd:43]
	Parameter CLOCKFREQ bound to: 100 - type: integer 
INFO: [Synth 8-3491] module 'TempSensorCtl' declared at 'C:/CM/VHDL_Study_Hall/Demo_OutOfBoxHardwareShowcase/hw.srcs/sources_1/imports/src/hdl/TempSensorCtl.vhd:42' bound to instance 'Inst_TempSensorCtl' of component 'TempSensorCtl' [C:/CM/VHDL_Study_Hall/Demo_OutOfBoxHardwareShowcase/hw.srcs/sources_1/imports/src/hdl/top.vhd:485]
INFO: [Synth 8-638] synthesizing module 'TempSensorCtl' [C:/CM/VHDL_Study_Hall/Demo_OutOfBoxHardwareShowcase/hw.srcs/sources_1/imports/src/hdl/TempSensorCtl.vhd:59]
	Parameter CLOCKFREQ bound to: 100 - type: integer 
	Parameter CLOCKFREQ bound to: 100 - type: integer 
	Parameter ATTEMPT_SLAVE_UNBLOCK bound to: 1 - type: bool 
INFO: [Synth 8-3491] module 'TWICtl' declared at 'C:/CM/VHDL_Study_Hall/Demo_OutOfBoxHardwareShowcase/hw.srcs/sources_1/imports/src/hdl/TWICtl.vhd:68' bound to instance 'Inst_TWICtl' of component 'TWICtl' [C:/CM/VHDL_Study_Hall/Demo_OutOfBoxHardwareShowcase/hw.srcs/sources_1/imports/src/hdl/TempSensorCtl.vhd:164]
INFO: [Synth 8-638] synthesizing module 'TWICtl' [C:/CM/VHDL_Study_Hall/Demo_OutOfBoxHardwareShowcase/hw.srcs/sources_1/imports/src/hdl/TWICtl.vhd:132]
	Parameter CLOCKFREQ bound to: 100 - type: integer 
	Parameter ATTEMPT_SLAVE_UNBLOCK bound to: 1 - type: bool 
INFO: [Synth 8-226] default block is never used [C:/CM/VHDL_Study_Hall/Demo_OutOfBoxHardwareShowcase/hw.srcs/sources_1/imports/src/hdl/TWICtl.vhd:357]
INFO: [Synth 8-226] default block is never used [C:/CM/VHDL_Study_Hall/Demo_OutOfBoxHardwareShowcase/hw.srcs/sources_1/imports/src/hdl/TWICtl.vhd:375]
INFO: [Synth 8-226] default block is never used [C:/CM/VHDL_Study_Hall/Demo_OutOfBoxHardwareShowcase/hw.srcs/sources_1/imports/src/hdl/TWICtl.vhd:393]
INFO: [Synth 8-226] default block is never used [C:/CM/VHDL_Study_Hall/Demo_OutOfBoxHardwareShowcase/hw.srcs/sources_1/imports/src/hdl/TWICtl.vhd:411]
INFO: [Synth 8-226] default block is never used [C:/CM/VHDL_Study_Hall/Demo_OutOfBoxHardwareShowcase/hw.srcs/sources_1/imports/src/hdl/TWICtl.vhd:429]
INFO: [Synth 8-226] default block is never used [C:/CM/VHDL_Study_Hall/Demo_OutOfBoxHardwareShowcase/hw.srcs/sources_1/imports/src/hdl/TWICtl.vhd:447]
WARNING: [Synth 8-614] signal 'timeOutCnt' is read in the process but is not in the sensitivity list [C:/CM/VHDL_Study_Hall/Demo_OutOfBoxHardwareShowcase/hw.srcs/sources_1/imports/src/hdl/TWICtl.vhd:500]
INFO: [Synth 8-256] done synthesizing module 'TWICtl' (0#1) [C:/CM/VHDL_Study_Hall/Demo_OutOfBoxHardwareShowcase/hw.srcs/sources_1/imports/src/hdl/TWICtl.vhd:132]
INFO: [Synth 8-226] default block is never used [C:/CM/VHDL_Study_Hall/Demo_OutOfBoxHardwareShowcase/hw.srcs/sources_1/imports/src/hdl/TempSensorCtl.vhd:329]
WARNING: [Synth 8-614] signal 'initA' is read in the process but is not in the sensitivity list [C:/CM/VHDL_Study_Hall/Demo_OutOfBoxHardwareShowcase/hw.srcs/sources_1/imports/src/hdl/TempSensorCtl.vhd:324]
INFO: [Synth 8-256] done synthesizing module 'TempSensorCtl' (0#1) [C:/CM/VHDL_Study_Hall/Demo_OutOfBoxHardwareShowcase/hw.srcs/sources_1/imports/src/hdl/TempSensorCtl.vhd:59]
	Parameter SYSCLK_FREQUENCY_HZ bound to: 100000000 - type: integer 
	Parameter SCLK_FREQUENCY_HZ bound to: 100000 - type: integer 
	Parameter NUM_READS_AVG bound to: 16 - type: integer 
	Parameter UPDATE_FREQUENCY_HZ bound to: 1000 - type: integer 
INFO: [Synth 8-3491] module 'AccelerometerCtl' declared at 'C:/CM/VHDL_Study_Hall/Demo_OutOfBoxHardwareShowcase/hw.srcs/sources_1/imports/src/hdl/AccelerometerCtl.vhd:42' bound to instance 'Inst_AccelerometerCtl' of component 'AccelerometerCtl' [C:/CM/VHDL_Study_Hall/Demo_OutOfBoxHardwareShowcase/hw.srcs/sources_1/imports/src/hdl/top.vhd:503]
INFO: [Synth 8-638] synthesizing module 'AccelerometerCtl' [C:/CM/VHDL_Study_Hall/Demo_OutOfBoxHardwareShowcase/hw.srcs/sources_1/imports/src/hdl/AccelerometerCtl.vhd:70]
	Parameter SYSCLK_FREQUENCY_HZ bound to: 100000000 - type: integer 
	Parameter SCLK_FREQUENCY_HZ bound to: 100000 - type: integer 
	Parameter NUM_READS_AVG bound to: 16 - type: integer 
	Parameter UPDATE_FREQUENCY_HZ bound to: 1000 - type: integer 
	Parameter SYSCLK_FREQUENCY_HZ bound to: 100000000 - type: integer 
	Parameter SCLK_FREQUENCY_HZ bound to: 100000 - type: integer 
	Parameter NUM_READS_AVG bound to: 16 - type: integer 
	Parameter UPDATE_FREQUENCY_HZ bound to: 1000 - type: integer 
INFO: [Synth 8-3491] module 'ADXL362Ctrl' declared at 'C:/CM/VHDL_Study_Hall/Demo_OutOfBoxHardwareShowcase/hw.srcs/sources_1/imports/src/hdl/ADXL362Ctrl.vhd:89' bound to instance 'ADXL_Control' of component 'ADXL362Ctrl' [C:/CM/VHDL_Study_Hall/Demo_OutOfBoxHardwareShowcase/hw.srcs/sources_1/imports/src/hdl/AccelerometerCtl.vhd:163]
INFO: [Synth 8-638] synthesizing module 'ADXL362Ctrl' [C:/CM/VHDL_Study_Hall/Demo_OutOfBoxHardwareShowcase/hw.srcs/sources_1/imports/src/hdl/ADXL362Ctrl.vhd:117]
	Parameter SYSCLK_FREQUENCY_HZ bound to: 100000000 - type: integer 
	Parameter SCLK_FREQUENCY_HZ bound to: 100000 - type: integer 
	Parameter NUM_READS_AVG bound to: 16 - type: integer 
	Parameter UPDATE_FREQUENCY_HZ bound to: 1000 - type: integer 
	Parameter SYSCLK_FREQUENCY_HZ bound to: 100000000 - type: integer 
	Parameter SCLK_FREQUENCY_HZ bound to: 100000 - type: integer 
INFO: [Synth 8-3491] module 'SPI_If' declared at 'C:/CM/VHDL_Study_Hall/Demo_OutOfBoxHardwareShowcase/hw.srcs/sources_1/imports/src/hdl/SPI_If.vhd:42' bound to instance 'SPI_Interface' of component 'SPI_If' [C:/CM/VHDL_Study_Hall/Demo_OutOfBoxHardwareShowcase/hw.srcs/sources_1/imports/src/hdl/ADXL362Ctrl.vhd:373]
INFO: [Synth 8-638] synthesizing module 'SPI_If' [C:/CM/VHDL_Study_Hall/Demo_OutOfBoxHardwareShowcase/hw.srcs/sources_1/imports/src/hdl/SPI_If.vhd:66]
	Parameter SYSCLK_FREQUENCY_HZ bound to: 100000000 - type: integer 
	Parameter SCLK_FREQUENCY_HZ bound to: 100000 - type: integer 
INFO: [Synth 8-256] done synthesizing module 'SPI_If' (0#1) [C:/CM/VHDL_Study_Hall/Demo_OutOfBoxHardwareShowcase/hw.srcs/sources_1/imports/src/hdl/SPI_If.vhd:66]
INFO: [Synth 8-256] done synthesizing module 'ADXL362Ctrl' (0#1) [C:/CM/VHDL_Study_Hall/Demo_OutOfBoxHardwareShowcase/hw.srcs/sources_1/imports/src/hdl/ADXL362Ctrl.vhd:117]
	Parameter SYSCLK_FREQUENCY_HZ bound to: 108000000 - type: integer 
	Parameter ACC_X_Y_MAX bound to: 10'b0111111111 
	Parameter ACC_X_Y_MIN bound to: 10'b0000000000 
INFO: [Synth 8-3491] module 'AccelArithmetics' declared at 'C:/CM/VHDL_Study_Hall/Demo_OutOfBoxHardwareShowcase/hw.srcs/sources_1/imports/src/hdl/AccelArithmetics.vhd:49' bound to instance 'Accel_Calculation' of component 'AccelArithmetics' [C:/CM/VHDL_Study_Hall/Demo_OutOfBoxHardwareShowcase/hw.srcs/sources_1/imports/src/hdl/AccelerometerCtl.vhd:190]
INFO: [Synth 8-638] synthesizing module 'AccelArithmetics' [C:/CM/VHDL_Study_Hall/Demo_OutOfBoxHardwareShowcase/hw.srcs/sources_1/imports/src/hdl/AccelArithmetics.vhd:74]
	Parameter SYSCLK_FREQUENCY_HZ bound to: 108000000 - type: integer 
	Parameter ACC_X_Y_MAX bound to: 10'b0111111111 
	Parameter ACC_X_Y_MIN bound to: 10'b0000000000 
INFO: [Synth 8-3491] module 'Square_Root' declared at 'C:/CM/VHDL_Study_Hall/Demo_OutOfBoxHardwareShowcase/hw.runs/synth_1/.Xil/Vivado-24344-DESKTOP-3778IF0/realtime/Square_Root_stub.vhdl:6' bound to instance 'Magnitude_Calculation' of component 'Square_Root' [C:/CM/VHDL_Study_Hall/Demo_OutOfBoxHardwareShowcase/hw.srcs/sources_1/imports/src/hdl/AccelArithmetics.vhd:229]
INFO: [Synth 8-638] synthesizing module 'Square_Root' [C:/CM/VHDL_Study_Hall/Demo_OutOfBoxHardwareShowcase/hw.runs/synth_1/.Xil/Vivado-24344-DESKTOP-3778IF0/realtime/Square_Root_stub.vhdl:23]
INFO: [Synth 8-256] done synthesizing module 'AccelArithmetics' (0#1) [C:/CM/VHDL_Study_Hall/Demo_OutOfBoxHardwareShowcase/hw.srcs/sources_1/imports/src/hdl/AccelArithmetics.vhd:74]
INFO: [Synth 8-256] done synthesizing module 'AccelerometerCtl' (0#1) [C:/CM/VHDL_Study_Hall/Demo_OutOfBoxHardwareShowcase/hw.srcs/sources_1/imports/src/hdl/AccelerometerCtl.vhd:70]
INFO: [Synth 8-3491] module 'MouseCtl' declared at 'C:/CM/VHDL_Study_Hall/Demo_OutOfBoxHardwareShowcase/hw.srcs/sources_1/imports/src/hdl/MouseCtl.vhd:179' bound to instance 'Inst_MouseCtl' of component 'MouseCtl' [C:/CM/VHDL_Study_Hall/Demo_OutOfBoxHardwareShowcase/hw.srcs/sources_1/imports/src/hdl/top.vhd:531]
INFO: [Synth 8-638] synthesizing module 'MouseCtl' [C:/CM/VHDL_Study_Hall/Demo_OutOfBoxHardwareShowcase/hw.srcs/sources_1/imports/src/hdl/MouseCtl.vhd:208]
INFO: [Synth 8-3491] module 'Ps2Interface' declared at 'C:/CM/VHDL_Study_Hall/Demo_OutOfBoxHardwareShowcase/hw.srcs/sources_1/imports/src/hdl/Ps2Interface.vhd:152' bound to instance 'Inst_Ps2Interface' of component 'Ps2Interface' [C:/CM/VHDL_Study_Hall/Demo_OutOfBoxHardwareShowcase/hw.srcs/sources_1/imports/src/hdl/MouseCtl.vhd:370]
INFO: [Synth 8-638] synthesizing module 'Ps2Interface' [C:/CM/VHDL_Study_Hall/Demo_OutOfBoxHardwareShowcase/hw.srcs/sources_1/imports/src/hdl/Ps2Interface.vhd:180]
INFO: [Synth 8-256] done synthesizing module 'Ps2Interface' (0#1) [C:/CM/VHDL_Study_Hall/Demo_OutOfBoxHardwareShowcase/hw.srcs/sources_1/imports/src/hdl/Ps2Interface.vhd:180]
INFO: [Synth 8-256] done synthesizing module 'MouseCtl' (0#1) [C:/CM/VHDL_Study_Hall/Demo_OutOfBoxHardwareShowcase/hw.srcs/sources_1/imports/src/hdl/MouseCtl.vhd:208]
INFO: [Synth 8-3491] module 'Vga' declared at 'C:/CM/VHDL_Study_Hall/Demo_OutOfBoxHardwareShowcase/hw.srcs/sources_1/imports/src/hdl/Vga.vhd:69' bound to instance 'Inst_VGA' of component 'Vga' [C:/CM/VHDL_Study_Hall/Demo_OutOfBoxHardwareShowcase/hw.srcs/sources_1/imports/src/hdl/top.vhd:555]
INFO: [Synth 8-638] synthesizing module 'Vga' [C:/CM/VHDL_Study_Hall/Demo_OutOfBoxHardwareShowcase/hw.srcs/sources_1/imports/src/hdl/Vga.vhd:101]
	Parameter X_START bound to: 25 - type: integer 
	Parameter Y_START bound to: 176 - type: integer 
INFO: [Synth 8-3491] module 'LogoDisplay' declared at 'C:/CM/VHDL_Study_Hall/Demo_OutOfBoxHardwareShowcase/hw.srcs/sources_1/imports/src/hdl/LogoDisplay.vhd:35' bound to instance 'Inst_LogoDisplay' of component 'LogoDisplay' [C:/CM/VHDL_Study_Hall/Demo_OutOfBoxHardwareShowcase/hw.srcs/sources_1/imports/src/hdl/Vga.vhd:843]
INFO: [Synth 8-638] synthesizing module 'LogoDisplay' [C:/CM/VHDL_Study_Hall/Demo_OutOfBoxHardwareShowcase/hw.srcs/sources_1/imports/src/hdl/LogoDisplay.vhd:48]
	Parameter X_START bound to: 25 - type: integer 
	Parameter Y_START bound to: 176 - type: integer 
INFO: [Synth 8-3491] module 'BRAM_1' declared at 'C:/CM/VHDL_Study_Hall/Demo_OutOfBoxHardwareShowcase/hw.runs/synth_1/.Xil/Vivado-24344-DESKTOP-3778IF0/realtime/BRAM_1_stub.vhdl:6' bound to instance 'Inst_BRAM_1' of component 'BRAM_1' [C:/CM/VHDL_Study_Hall/Demo_OutOfBoxHardwareShowcase/hw.srcs/sources_1/imports/src/hdl/LogoDisplay.vhd:70]
INFO: [Synth 8-638] synthesizing module 'BRAM_1' [C:/CM/VHDL_Study_Hall/Demo_OutOfBoxHardwareShowcase/hw.runs/synth_1/.Xil/Vivado-24344-DESKTOP-3778IF0/realtime/BRAM_1_stub.vhdl:21]
INFO: [Synth 8-256] done synthesizing module 'LogoDisplay' (0#1) [C:/CM/VHDL_Study_Hall/Demo_OutOfBoxHardwareShowcase/hw.srcs/sources_1/imports/src/hdl/LogoDisplay.vhd:48]
	Parameter X_TMP_COL_WIDTH bound to: 50 - type: integer 
	Parameter Y_TMP_COL_HEIGHT bound to: 472 - type: integer 
	Parameter X_TMP_H_LOC bound to: 1050 - type: integer 
	Parameter Y_TMP_V_LOC bound to: 80 - type: integer 
	Parameter INPUT_DATA_WIDTH bound to: 12 - type: integer 
	Parameter TMP_TYPE bound to: XADC - type: string 
INFO: [Synth 8-3491] module 'TempDisplay' declared at 'C:/CM/VHDL_Study_Hall/Demo_OutOfBoxHardwareShowcase/hw.srcs/sources_1/imports/src/hdl/TempDisplay.vhd:37' bound to instance 'Inst_XadcTempDisplay' of component 'TempDisplay' [C:/CM/VHDL_Study_Hall/Demo_OutOfBoxHardwareShowcase/hw.srcs/sources_1/imports/src/hdl/Vga.vhd:865]
INFO: [Synth 8-638] synthesizing module 'TempDisplay' [C:/CM/VHDL_Study_Hall/Demo_OutOfBoxHardwareShowcase/hw.srcs/sources_1/imports/src/hdl/TempDisplay.vhd:58]
	Parameter X_TMP_COL_WIDTH bound to: 50 - type: integer 
	Parameter Y_TMP_COL_HEIGHT bound to: 472 - type: integer 
	Parameter X_TMP_H_LOC bound to: 1050 - type: integer 
	Parameter Y_TMP_V_LOC bound to: 80 - type: integer 
	Parameter INPUT_DATA_WIDTH bound to: 12 - type: integer 
	Parameter TMP_TYPE bound to: XADC - type: string 
INFO: [Synth 8-256] done synthesizing module 'TempDisplay' (0#1) [C:/CM/VHDL_Study_Hall/Demo_OutOfBoxHardwareShowcase/hw.srcs/sources_1/imports/src/hdl/TempDisplay.vhd:58]
	Parameter X_TMP_COL_WIDTH bound to: 50 - type: integer 
	Parameter Y_TMP_COL_HEIGHT bound to: 472 - type: integer 
	Parameter X_TMP_H_LOC bound to: 1125 - type: integer 
	Parameter Y_TMP_V_LOC bound to: 80 - type: integer 
	Parameter INPUT_DATA_WIDTH bound to: 13 - type: integer 
	Parameter TMP_TYPE bound to: TEMP_ACC - type: string 
INFO: [Synth 8-3491] module 'TempDisplay' declared at 'C:/CM/VHDL_Study_Hall/Demo_OutOfBoxHardwareShowcase/hw.srcs/sources_1/imports/src/hdl/TempDisplay.vhd:37' bound to instance 'Inst_Adt7420TempDisplay' of component 'TempDisplay' [C:/CM/VHDL_Study_Hall/Demo_OutOfBoxHardwareShowcase/hw.srcs/sources_1/imports/src/hdl/Vga.vhd:888]
INFO: [Synth 8-638] synthesizing module 'TempDisplay__parameterized1' [C:/CM/VHDL_Study_Hall/Demo_OutOfBoxHardwareShowcase/hw.srcs/sources_1/imports/src/hdl/TempDisplay.vhd:58]
	Parameter X_TMP_COL_WIDTH bound to: 50 - type: integer 
	Parameter Y_TMP_COL_HEIGHT bound to: 472 - type: integer 
	Parameter X_TMP_H_LOC bound to: 1125 - type: integer 
	Parameter Y_TMP_V_LOC bound to: 80 - type: integer 
	Parameter INPUT_DATA_WIDTH bound to: 13 - type: integer 
	Parameter TMP_TYPE bound to: TEMP_ACC - type: string 
INFO: [Synth 8-256] done synthesizing module 'TempDisplay__parameterized1' (0#1) [C:/CM/VHDL_Study_Hall/Demo_OutOfBoxHardwareShowcase/hw.srcs/sources_1/imports/src/hdl/TempDisplay.vhd:58]
	Parameter X_TMP_COL_WIDTH bound to: 50 - type: integer 
	Parameter Y_TMP_COL_HEIGHT bound to: 472 - type: integer 
	Parameter X_TMP_H_LOC bound to: 1200 - type: integer 
	Parameter Y_TMP_V_LOC bound to: 80 - type: integer 
	Parameter INPUT_DATA_WIDTH bound to: 12 - type: integer 
	Parameter TMP_TYPE bound to: TEMP_ACC - type: string 
INFO: [Synth 8-3491] module 'TempDisplay' declared at 'C:/CM/VHDL_Study_Hall/Demo_OutOfBoxHardwareShowcase/hw.srcs/sources_1/imports/src/hdl/TempDisplay.vhd:37' bound to instance 'Inst_Adxl362TempDisplay' of component 'TempDisplay' [C:/CM/VHDL_Study_Hall/Demo_OutOfBoxHardwareShowcase/hw.srcs/sources_1/imports/src/hdl/Vga.vhd:910]
INFO: [Synth 8-638] synthesizing module 'TempDisplay__parameterized3' [C:/CM/VHDL_Study_Hall/Demo_OutOfBoxHardwareShowcase/hw.srcs/sources_1/imports/src/hdl/TempDisplay.vhd:58]
	Parameter X_TMP_COL_WIDTH bound to: 50 - type: integer 
	Parameter Y_TMP_COL_HEIGHT bound to: 472 - type: integer 
	Parameter X_TMP_H_LOC bound to: 1200 - type: integer 
	Parameter Y_TMP_V_LOC bound to: 80 - type: integer 
	Parameter INPUT_DATA_WIDTH bound to: 12 - type: integer 
	Parameter TMP_TYPE bound to: TEMP_ACC - type: string 
INFO: [Synth 8-256] done synthesizing module 'TempDisplay__parameterized3' (0#1) [C:/CM/VHDL_Study_Hall/Demo_OutOfBoxHardwareShowcase/hw.srcs/sources_1/imports/src/hdl/TempDisplay.vhd:58]
	Parameter X_RGB_COL_WIDTH bound to: 50 - type: integer 
	Parameter Y_RGB_COL_HEIGHT bound to: 150 - type: integer 
	Parameter X_RGB_R_LOC bound to: 1050 - type: integer 
	Parameter X_RGB_G_LOC bound to: 1125 - type: integer 
	Parameter X_RGB_B_LOC bound to: 1200 - type: integer 
	Parameter Y_RGB_1_LOC bound to: 675 - type: integer 
	Parameter Y_RGB_2_LOC bound to: 840 - type: integer 
INFO: [Synth 8-3491] module 'RgbLedDisplay' declared at 'C:/CM/VHDL_Study_Hall/Demo_OutOfBoxHardwareShowcase/hw.srcs/sources_1/imports/src/hdl/RgbLedDisplay.vhd:36' bound to instance 'Inst_RGBLedDisplay' of component 'RgbLedDisplay' [C:/CM/VHDL_Study_Hall/Demo_OutOfBoxHardwareShowcase/hw.srcs/sources_1/imports/src/hdl/Vga.vhd:935]
INFO: [Synth 8-638] synthesizing module 'RgbLedDisplay' [C:/CM/VHDL_Study_Hall/Demo_OutOfBoxHardwareShowcase/hw.srcs/sources_1/imports/src/hdl/RgbLedDisplay.vhd:68]
	Parameter X_RGB_COL_WIDTH bound to: 50 - type: integer 
	Parameter Y_RGB_COL_HEIGHT bound to: 150 - type: integer 
	Parameter X_RGB_R_LOC bound to: 1050 - type: integer 
	Parameter X_RGB_G_LOC bound to: 1125 - type: integer 
	Parameter X_RGB_B_LOC bound to: 1200 - type: integer 
	Parameter Y_RGB_1_LOC bound to: 675 - type: integer 
	Parameter Y_RGB_2_LOC bound to: 840 - type: integer 
INFO: [Synth 8-256] done synthesizing module 'RgbLedDisplay' (0#1) [C:/CM/VHDL_Study_Hall/Demo_OutOfBoxHardwareShowcase/hw.srcs/sources_1/imports/src/hdl/RgbLedDisplay.vhd:68]
	Parameter X_WIDTH bound to: 915 - type: integer 
	Parameter Y_HEIGHT bound to: 375 - type: integer 
	Parameter X_START bound to: 25 - type: integer 
	Parameter Y_START bound to: 615 - type: integer 
	Parameter PXLCLK_FREQ_HZ bound to: 108000000 - type: integer 
	Parameter H_MAX bound to: 1688 - type: integer 
	Parameter SAMPLE_RATE_DIV bound to: 4096 - type: integer 
	Parameter BG_COLOR bound to: 12'b111111111111 
	Parameter ACTIVE_COLOR bound to: 12'b000000001000 
INFO: [Synth 8-3491] module 'MicDisplay' declared at 'C:/CM/VHDL_Study_Hall/Demo_OutOfBoxHardwareShowcase/hw.srcs/sources_1/imports/src/hdl/MicDisplay.vhd:32' bound to instance 'Inst_MicDisplay' of component 'MicDisplay' [C:/CM/VHDL_Study_Hall/Demo_OutOfBoxHardwareShowcase/hw.srcs/sources_1/imports/src/hdl/Vga.vhd:971]
INFO: [Synth 8-638] synthesizing module 'MicDisplay' [C:/CM/VHDL_Study_Hall/Demo_OutOfBoxHardwareShowcase/hw.srcs/sources_1/imports/src/hdl/MicDisplay.vhd:56]
	Parameter X_WIDTH bound to: 915 - type: integer 
	Parameter Y_HEIGHT bound to: 375 - type: integer 
	Parameter X_START bound to: 25 - type: integer 
	Parameter Y_START bound to: 615 - type: integer 
	Parameter PXLCLK_FREQ_HZ bound to: 108000000 - type: integer 
	Parameter H_MAX bound to: 1688 - type: integer 
	Parameter SAMPLE_RATE_DIV bound to: 4096 - type: integer 
	Parameter BG_COLOR bound to: 12'b111111111111 
	Parameter ACTIVE_COLOR bound to: 12'b000000001000 
INFO: [Synth 8-638] synthesizing module 'SyncAsync' [C:/CM/VHDL_Study_Hall/Demo_OutOfBoxHardwareShowcase/hw.srcs/sources_1/imports/src/hdl/SyncAsync.vhd:72]
	Parameter kResetTo bound to: 1'b0 
	Parameter kStages bound to: 2 - type: integer 
INFO: [Synth 8-256] done synthesizing module 'SyncAsync' (0#1) [C:/CM/VHDL_Study_Hall/Demo_OutOfBoxHardwareShowcase/hw.srcs/sources_1/imports/src/hdl/SyncAsync.vhd:72]
INFO: [Synth 8-256] done synthesizing module 'MicDisplay' (0#1) [C:/CM/VHDL_Study_Hall/Demo_OutOfBoxHardwareShowcase/hw.srcs/sources_1/imports/src/hdl/MicDisplay.vhd:56]
	Parameter X_XY_WIDTH bound to: 511 - type: integer 
	Parameter X_MAG_WIDTH bound to: 45 - type: integer 
	Parameter Y_HEIGHT bound to: 511 - type: integer 
	Parameter X_START bound to: 385 - type: integer 
	Parameter Y_START bound to: 80 - type: integer 
	Parameter BG_COLOR bound to: 12'b111111111111 
	Parameter ACTIVE_COLOR bound to: 12'b000011110000 
	Parameter WARNING_COLOR bound to: 12'b111100000000 
INFO: [Synth 8-3491] module 'AccelDisplay' declared at 'C:/CM/VHDL_Study_Hall/Demo_OutOfBoxHardwareShowcase/hw.srcs/sources_1/imports/src/hdl/AccelDisplay.vhd:38' bound to instance 'Inst_AccelDisplay' of component 'AccelDisplay' [C:/CM/VHDL_Study_Hall/Demo_OutOfBoxHardwareShowcase/hw.srcs/sources_1/imports/src/hdl/Vga.vhd:1001]
INFO: [Synth 8-638] synthesizing module 'AccelDisplay' [C:/CM/VHDL_Study_Hall/Demo_OutOfBoxHardwareShowcase/hw.srcs/sources_1/imports/src/hdl/AccelDisplay.vhd:67]
	Parameter X_XY_WIDTH bound to: 511 - type: integer 
	Parameter X_MAG_WIDTH bound to: 45 - type: integer 
	Parameter Y_HEIGHT bound to: 511 - type: integer 
	Parameter X_START bound to: 385 - type: integer 
	Parameter Y_START bound to: 80 - type: integer 
	Parameter BG_COLOR bound to: 12'b111111111111 
	Parameter ACTIVE_COLOR bound to: 12'b000011110000 
	Parameter WARNING_COLOR bound to: 12'b111100000000 
INFO: [Synth 8-256] done synthesizing module 'AccelDisplay' (0#1) [C:/CM/VHDL_Study_Hall/Demo_OutOfBoxHardwareShowcase/hw.srcs/sources_1/imports/src/hdl/AccelDisplay.vhd:67]
INFO: [Synth 8-3491] module 'MouseDisplay' declared at 'C:/CM/VHDL_Study_Hall/Demo_OutOfBoxHardwareShowcase/hw.srcs/sources_1/imports/src/hdl/MouseDisplay.vhd:99' bound to instance 'Inst_MouseDisplay' of component 'MouseDisplay' [C:/CM/VHDL_Study_Hall/Demo_OutOfBoxHardwareShowcase/hw.srcs/sources_1/imports/src/hdl/Vga.vhd:1034]
INFO: [Synth 8-638] synthesizing module 'MouseDisplay' [C:/CM/VHDL_Study_Hall/Demo_OutOfBoxHardwareShowcase/hw.srcs/sources_1/imports/src/hdl/MouseDisplay.vhd:129]
WARNING: [Synth 8-614] signal 'ypos' is read in the process but is not in the sensitivity list [C:/CM/VHDL_Study_Hall/Demo_OutOfBoxHardwareShowcase/hw.srcs/sources_1/imports/src/hdl/MouseDisplay.vhd:197]
INFO: [Synth 8-256] done synthesizing module 'MouseDisplay' (0#1) [C:/CM/VHDL_Study_Hall/Demo_OutOfBoxHardwareShowcase/hw.srcs/sources_1/imports/src/hdl/MouseDisplay.vhd:129]
INFO: [Synth 8-3491] module 'OverlayCtl' declared at 'C:/CM/VHDL_Study_Hall/Demo_OutOfBoxHardwareShowcase/hw.srcs/sources_1/imports/src/hdl/OverlayCtl.vhd:35' bound to instance 'Inst_OverlayCtrl' of component 'OverlayCtl' [C:/CM/VHDL_Study_Hall/Demo_OutOfBoxHardwareShowcase/hw.srcs/sources_1/imports/src/hdl/Vga.vhd:1053]
INFO: [Synth 8-638] synthesizing module 'OverlayCtl' [C:/CM/VHDL_Study_Hall/Demo_OutOfBoxHardwareShowcase/hw.srcs/sources_1/imports/src/hdl/OverlayCtl.vhd:43]
INFO: [Synth 8-256] done synthesizing module 'OverlayCtl' (0#1) [C:/CM/VHDL_Study_Hall/Demo_OutOfBoxHardwareShowcase/hw.srcs/sources_1/imports/src/hdl/OverlayCtl.vhd:43]
INFO: [Synth 8-256] done synthesizing module 'Vga' (0#1) [C:/CM/VHDL_Study_Hall/Demo_OutOfBoxHardwareShowcase/hw.srcs/sources_1/imports/src/hdl/Vga.vhd:101]
INFO: [Synth 8-256] done synthesizing module 'Nexys4DdrUserDemo' (0#1) [C:/CM/VHDL_Study_Hall/Demo_OutOfBoxHardwareShowcase/hw.srcs/sources_1/imports/src/hdl/top.vhd:141]
WARNING: [Synth 8-3848] Net ui_addn_clk_0 in module/entity mig_7series_v4_2_infrastructure does not have driver. [c:/CM/VHDL_Study_Hall/Demo_OutOfBoxHardwareShowcase/hw.gen/sources_1/ip/ddr/ddr/user_design/rtl/clocking/mig_7series_v4_2_infrastructure.v:140]
WARNING: [Synth 8-3848] Net ui_addn_clk_1 in module/entity mig_7series_v4_2_infrastructure does not have driver. [c:/CM/VHDL_Study_Hall/Demo_OutOfBoxHardwareShowcase/hw.gen/sources_1/ip/ddr/ddr/user_design/rtl/clocking/mig_7series_v4_2_infrastructure.v:141]
WARNING: [Synth 8-3848] Net ui_addn_clk_2 in module/entity mig_7series_v4_2_infrastructure does not have driver. [c:/CM/VHDL_Study_Hall/Demo_OutOfBoxHardwareShowcase/hw.gen/sources_1/ip/ddr/ddr/user_design/rtl/clocking/mig_7series_v4_2_infrastructure.v:142]
WARNING: [Synth 8-3848] Net ui_addn_clk_3 in module/entity mig_7series_v4_2_infrastructure does not have driver. [c:/CM/VHDL_Study_Hall/Demo_OutOfBoxHardwareShowcase/hw.gen/sources_1/ip/ddr/ddr/user_design/rtl/clocking/mig_7series_v4_2_infrastructure.v:143]
WARNING: [Synth 8-3848] Net ui_addn_clk_4 in module/entity mig_7series_v4_2_infrastructure does not have driver. [c:/CM/VHDL_Study_Hall/Demo_OutOfBoxHardwareShowcase/hw.gen/sources_1/ip/ddr/ddr/user_design/rtl/clocking/mig_7series_v4_2_infrastructure.v:144]
WARNING: [Synth 8-6014] Unused sequential element periodic_rd_generation.read_this_rank_r1_reg was removed.  [c:/CM/VHDL_Study_Hall/Demo_OutOfBoxHardwareShowcase/hw.gen/sources_1/ip/ddr/ddr/user_design/rtl/controller/mig_7series_v4_2_rank_cntrl.v:487]
WARNING: [Synth 8-3936] Found unconnected internal register 'dbl_req_reg' and it is trimmed from '6' to '5' bits. [c:/CM/VHDL_Study_Hall/Demo_OutOfBoxHardwareShowcase/hw.gen/sources_1/ip/ddr/ddr/user_design/rtl/controller/mig_7series_v4_2_round_robin_arb.v:145]
WARNING: [Synth 8-3936] Found unconnected internal register 'dbl_last_master_ns_reg' and it is trimmed from '6' to '4' bits. [c:/CM/VHDL_Study_Hall/Demo_OutOfBoxHardwareShowcase/hw.gen/sources_1/ip/ddr/ddr/user_design/rtl/controller/mig_7series_v4_2_round_robin_arb.v:143]
WARNING: [Synth 8-6014] Unused sequential element last_master_r_reg was removed.  [c:/CM/VHDL_Study_Hall/Demo_OutOfBoxHardwareShowcase/hw.gen/sources_1/ip/ddr/ddr/user_design/rtl/controller/mig_7series_v4_2_round_robin_arb.v:181]
WARNING: [Synth 8-3848] Net channel[0].inh_group in module/entity mig_7series_v4_2_round_robin_arb__parameterized0 does not have driver. [c:/CM/VHDL_Study_Hall/Demo_OutOfBoxHardwareShowcase/hw.gen/sources_1/ip/ddr/ddr/user_design/rtl/controller/mig_7series_v4_2_round_robin_arb.v:153]
WARNING: [Synth 8-3936] Found unconnected internal register 'col_addr_template_reg' and it is trimmed from '16' to '13' bits. [c:/CM/VHDL_Study_Hall/Demo_OutOfBoxHardwareShowcase/hw.gen/sources_1/ip/ddr/ddr/user_design/rtl/controller/mig_7series_v4_2_bank_compare.v:251]
WARNING: [Synth 8-3936] Found unconnected internal register 'dbl_req_reg' and it is trimmed from '8' to '7' bits. [c:/CM/VHDL_Study_Hall/Demo_OutOfBoxHardwareShowcase/hw.gen/sources_1/ip/ddr/ddr/user_design/rtl/controller/mig_7series_v4_2_round_robin_arb.v:145]
WARNING: [Synth 8-3936] Found unconnected internal register 'dbl_last_master_ns_reg' and it is trimmed from '8' to '6' bits. [c:/CM/VHDL_Study_Hall/Demo_OutOfBoxHardwareShowcase/hw.gen/sources_1/ip/ddr/ddr/user_design/rtl/controller/mig_7series_v4_2_round_robin_arb.v:143]
WARNING: [Synth 8-6014] Unused sequential element sent_row_or_maint_r_reg was removed.  [c:/CM/VHDL_Study_Hall/Demo_OutOfBoxHardwareShowcase/hw.gen/sources_1/ip/ddr/ddr/user_design/rtl/controller/mig_7series_v4_2_arb_row_col.v:357]
WARNING: [Synth 8-6014] Unused sequential element mc_aux_out_r_1_reg was removed.  [c:/CM/VHDL_Study_Hall/Demo_OutOfBoxHardwareShowcase/hw.gen/sources_1/ip/ddr/ddr/user_design/rtl/controller/mig_7series_v4_2_arb_select.v:680]
WARNING: [Synth 8-6014] Unused sequential element mc_aux_out_r_2_reg was removed.  [c:/CM/VHDL_Study_Hall/Demo_OutOfBoxHardwareShowcase/hw.gen/sources_1/ip/ddr/ddr/user_design/rtl/controller/mig_7series_v4_2_arb_select.v:681]
WARNING: [Synth 8-3848] Net col_mux.col_row_r in module/entity mig_7series_v4_2_arb_select does not have driver. [c:/CM/VHDL_Study_Hall/Demo_OutOfBoxHardwareShowcase/hw.gen/sources_1/ip/ddr/ddr/user_design/rtl/controller/mig_7series_v4_2_arb_select.v:390]
WARNING: [Synth 8-3936] Found unconnected internal register 'read_fifo.fifo_out_data_r_reg' and it is trimmed from '12' to '8' bits. [c:/CM/VHDL_Study_Hall/Demo_OutOfBoxHardwareShowcase/hw.gen/sources_1/ip/ddr/ddr/user_design/rtl/controller/mig_7series_v4_2_col_mach.v:396]
WARNING: [Synth 8-6014] Unused sequential element fine_delay_r_reg was removed.  [c:/CM/VHDL_Study_Hall/Demo_OutOfBoxHardwareShowcase/hw.gen/sources_1/ip/ddr/ddr/user_design/rtl/phy/mig_7series_v4_2_ddr_byte_group_io.v:184]
WARNING: [Synth 8-3848] Net dummy_i5 in module/entity mig_7series_v4_2_ddr_byte_lane does not have driver. [c:/CM/VHDL_Study_Hall/Demo_OutOfBoxHardwareShowcase/hw.gen/sources_1/ip/ddr/ddr/user_design/rtl/phy/mig_7series_v4_2_ddr_byte_lane.v:267]
WARNING: [Synth 8-3848] Net dummy_i6 in module/entity mig_7series_v4_2_ddr_byte_lane does not have driver. [c:/CM/VHDL_Study_Hall/Demo_OutOfBoxHardwareShowcase/hw.gen/sources_1/ip/ddr/ddr/user_design/rtl/phy/mig_7series_v4_2_ddr_byte_lane.v:268]
WARNING: [Synth 8-3848] Net oserdes_dqts_buf in module/entity mig_7series_v4_2_ddr_byte_group_io__parameterized0 does not have driver. [c:/CM/VHDL_Study_Hall/Demo_OutOfBoxHardwareShowcase/hw.gen/sources_1/ip/ddr/ddr/user_design/rtl/phy/mig_7series_v4_2_ddr_byte_group_io.v:142]
WARNING: [Synth 8-3848] Net oserdes_dqs_buf in module/entity mig_7series_v4_2_ddr_byte_group_io__parameterized0 does not have driver. [c:/CM/VHDL_Study_Hall/Demo_OutOfBoxHardwareShowcase/hw.gen/sources_1/ip/ddr/ddr/user_design/rtl/phy/mig_7series_v4_2_ddr_byte_group_io.v:143]
WARNING: [Synth 8-3848] Net oserdes_dqsts_buf in module/entity mig_7series_v4_2_ddr_byte_group_io__parameterized0 does not have driver. [c:/CM/VHDL_Study_Hall/Demo_OutOfBoxHardwareShowcase/hw.gen/sources_1/ip/ddr/ddr/user_design/rtl/phy/mig_7series_v4_2_ddr_byte_group_io.v:144]
WARNING: [Synth 8-3848] Net iserdes_dout in module/entity mig_7series_v4_2_ddr_byte_group_io__parameterized0 does not have driver. [c:/CM/VHDL_Study_Hall/Demo_OutOfBoxHardwareShowcase/hw.gen/sources_1/ip/ddr/ddr/user_design/rtl/phy/mig_7series_v4_2_ddr_byte_group_io.v:91]
WARNING: [Synth 8-6014] Unused sequential element ififo_rst_reg was removed.  [c:/CM/VHDL_Study_Hall/Demo_OutOfBoxHardwareShowcase/hw.gen/sources_1/ip/ddr/ddr/user_design/rtl/phy/mig_7series_v4_2_ddr_byte_lane.v:305]
WARNING: [Synth 8-3848] Net rclk in module/entity mig_7series_v4_2_ddr_byte_lane__parameterized0 does not have driver. [c:/CM/VHDL_Study_Hall/Demo_OutOfBoxHardwareShowcase/hw.gen/sources_1/ip/ddr/ddr/user_design/rtl/phy/mig_7series_v4_2_ddr_byte_lane.v:145]
WARNING: [Synth 8-3848] Net pi_iserdes_rst in module/entity mig_7series_v4_2_ddr_byte_lane__parameterized0 does not have driver. [c:/CM/VHDL_Study_Hall/Demo_OutOfBoxHardwareShowcase/hw.gen/sources_1/ip/ddr/ddr/user_design/rtl/phy/mig_7series_v4_2_ddr_byte_lane.v:191]
WARNING: [Synth 8-3848] Net pi_fine_overflow in module/entity mig_7series_v4_2_ddr_byte_lane__parameterized0 does not have driver. [c:/CM/VHDL_Study_Hall/Demo_OutOfBoxHardwareShowcase/hw.gen/sources_1/ip/ddr/ddr/user_design/rtl/phy/mig_7series_v4_2_ddr_byte_lane.v:193]
WARNING: [Synth 8-3848] Net pi_counter_read_val_w in module/entity mig_7series_v4_2_ddr_byte_lane__parameterized0 does not have driver. [c:/CM/VHDL_Study_Hall/Demo_OutOfBoxHardwareShowcase/hw.gen/sources_1/ip/ddr/ddr/user_design/rtl/phy/mig_7series_v4_2_ddr_byte_lane.v:429]
WARNING: [Synth 8-3848] Net dqs_out_of_range in module/entity mig_7series_v4_2_ddr_byte_lane__parameterized0 does not have driver. [c:/CM/VHDL_Study_Hall/Demo_OutOfBoxHardwareShowcase/hw.gen/sources_1/ip/ddr/ddr/user_design/rtl/phy/mig_7series_v4_2_ddr_byte_lane.v:196]
WARNING: [Synth 8-3848] Net iserdes_clk in module/entity mig_7series_v4_2_ddr_byte_lane__parameterized0 does not have driver. [c:/CM/VHDL_Study_Hall/Demo_OutOfBoxHardwareShowcase/hw.gen/sources_1/ip/ddr/ddr/user_design/rtl/phy/mig_7series_v4_2_ddr_byte_lane.v:273]
WARNING: [Synth 8-3848] Net iserdes_clkdiv in module/entity mig_7series_v4_2_ddr_byte_lane__parameterized0 does not have driver. [c:/CM/VHDL_Study_Hall/Demo_OutOfBoxHardwareShowcase/hw.gen/sources_1/ip/ddr/ddr/user_design/rtl/phy/mig_7series_v4_2_ddr_byte_lane.v:274]
WARNING: [Synth 8-6014] Unused sequential element fine_delay_r_reg was removed.  [c:/CM/VHDL_Study_Hall/Demo_OutOfBoxHardwareShowcase/hw.gen/sources_1/ip/ddr/ddr/user_design/rtl/phy/mig_7series_v4_2_ddr_byte_group_io.v:184]
WARNING: [Synth 8-3848] Net dummy_i5 in module/entity mig_7series_v4_2_ddr_byte_lane__parameterized1 does not have driver. [c:/CM/VHDL_Study_Hall/Demo_OutOfBoxHardwareShowcase/hw.gen/sources_1/ip/ddr/ddr/user_design/rtl/phy/mig_7series_v4_2_ddr_byte_lane.v:267]
WARNING: [Synth 8-3848] Net dummy_i6 in module/entity mig_7series_v4_2_ddr_byte_lane__parameterized1 does not have driver. [c:/CM/VHDL_Study_Hall/Demo_OutOfBoxHardwareShowcase/hw.gen/sources_1/ip/ddr/ddr/user_design/rtl/phy/mig_7series_v4_2_ddr_byte_lane.v:268]
WARNING: [Synth 8-3848] Net oserdes_dqts_buf in module/entity mig_7series_v4_2_ddr_byte_group_io__parameterized2 does not have driver. [c:/CM/VHDL_Study_Hall/Demo_OutOfBoxHardwareShowcase/hw.gen/sources_1/ip/ddr/ddr/user_design/rtl/phy/mig_7series_v4_2_ddr_byte_group_io.v:142]
WARNING: [Synth 8-3848] Net oserdes_dqs_buf in module/entity mig_7series_v4_2_ddr_byte_group_io__parameterized2 does not have driver. [c:/CM/VHDL_Study_Hall/Demo_OutOfBoxHardwareShowcase/hw.gen/sources_1/ip/ddr/ddr/user_design/rtl/phy/mig_7series_v4_2_ddr_byte_group_io.v:143]
WARNING: [Synth 8-3848] Net oserdes_dqsts_buf in module/entity mig_7series_v4_2_ddr_byte_group_io__parameterized2 does not have driver. [c:/CM/VHDL_Study_Hall/Demo_OutOfBoxHardwareShowcase/hw.gen/sources_1/ip/ddr/ddr/user_design/rtl/phy/mig_7series_v4_2_ddr_byte_group_io.v:144]
WARNING: [Synth 8-3848] Net iserdes_dout in module/entity mig_7series_v4_2_ddr_byte_group_io__parameterized2 does not have driver. [c:/CM/VHDL_Study_Hall/Demo_OutOfBoxHardwareShowcase/hw.gen/sources_1/ip/ddr/ddr/user_design/rtl/phy/mig_7series_v4_2_ddr_byte_group_io.v:91]
WARNING: [Synth 8-6014] Unused sequential element ififo_rst_reg was removed.  [c:/CM/VHDL_Study_Hall/Demo_OutOfBoxHardwareShowcase/hw.gen/sources_1/ip/ddr/ddr/user_design/rtl/phy/mig_7series_v4_2_ddr_byte_lane.v:305]
WARNING: [Synth 8-3848] Net rclk in module/entity mig_7series_v4_2_ddr_byte_lane__parameterized2 does not have driver. [c:/CM/VHDL_Study_Hall/Demo_OutOfBoxHardwareShowcase/hw.gen/sources_1/ip/ddr/ddr/user_design/rtl/phy/mig_7series_v4_2_ddr_byte_lane.v:145]
WARNING: [Synth 8-3848] Net pi_iserdes_rst in module/entity mig_7series_v4_2_ddr_byte_lane__parameterized2 does not have driver. [c:/CM/VHDL_Study_Hall/Demo_OutOfBoxHardwareShowcase/hw.gen/sources_1/ip/ddr/ddr/user_design/rtl/phy/mig_7series_v4_2_ddr_byte_lane.v:191]
WARNING: [Synth 8-3848] Net pi_fine_overflow in module/entity mig_7series_v4_2_ddr_byte_lane__parameterized2 does not have driver. [c:/CM/VHDL_Study_Hall/Demo_OutOfBoxHardwareShowcase/hw.gen/sources_1/ip/ddr/ddr/user_design/rtl/phy/mig_7series_v4_2_ddr_byte_lane.v:193]
WARNING: [Synth 8-3848] Net pi_counter_read_val_w in module/entity mig_7series_v4_2_ddr_byte_lane__parameterized2 does not have driver. [c:/CM/VHDL_Study_Hall/Demo_OutOfBoxHardwareShowcase/hw.gen/sources_1/ip/ddr/ddr/user_design/rtl/phy/mig_7series_v4_2_ddr_byte_lane.v:429]
WARNING: [Synth 8-3848] Net dqs_out_of_range in module/entity mig_7series_v4_2_ddr_byte_lane__parameterized2 does not have driver. [c:/CM/VHDL_Study_Hall/Demo_OutOfBoxHardwareShowcase/hw.gen/sources_1/ip/ddr/ddr/user_design/rtl/phy/mig_7series_v4_2_ddr_byte_lane.v:196]
WARNING: [Synth 8-3848] Net iserdes_clk in module/entity mig_7series_v4_2_ddr_byte_lane__parameterized2 does not have driver. [c:/CM/VHDL_Study_Hall/Demo_OutOfBoxHardwareShowcase/hw.gen/sources_1/ip/ddr/ddr/user_design/rtl/phy/mig_7series_v4_2_ddr_byte_lane.v:273]
WARNING: [Synth 8-3848] Net iserdes_clkdiv in module/entity mig_7series_v4_2_ddr_byte_lane__parameterized2 does not have driver. [c:/CM/VHDL_Study_Hall/Demo_OutOfBoxHardwareShowcase/hw.gen/sources_1/ip/ddr/ddr/user_design/rtl/phy/mig_7series_v4_2_ddr_byte_lane.v:274]
WARNING: [Synth 8-6014] Unused sequential element B_rst_primitives_reg was removed.  [c:/CM/VHDL_Study_Hall/Demo_OutOfBoxHardwareShowcase/hw.gen/sources_1/ip/ddr/ddr/user_design/rtl/phy/mig_7series_v4_2_ddr_phy_4lanes.v:737]
WARNING: [Synth 8-6014] Unused sequential element C_rst_primitives_reg was removed.  [c:/CM/VHDL_Study_Hall/Demo_OutOfBoxHardwareShowcase/hw.gen/sources_1/ip/ddr/ddr/user_design/rtl/phy/mig_7series_v4_2_ddr_phy_4lanes.v:738]
WARNING: [Synth 8-6014] Unused sequential element D_rst_primitives_reg was removed.  [c:/CM/VHDL_Study_Hall/Demo_OutOfBoxHardwareShowcase/hw.gen/sources_1/ip/ddr/ddr/user_design/rtl/phy/mig_7series_v4_2_ddr_phy_4lanes.v:739]
WARNING: [Synth 8-7137] Register ddr_phy_4lanes_0.aux_out_reg in module mig_7series_v4_2_ddr_mc_phy has both Set and reset with same priority. This may cause simulation mismatches. Consider rewriting code  [c:/CM/VHDL_Study_Hall/Demo_OutOfBoxHardwareShowcase/hw.gen/sources_1/ip/ddr/ddr/user_design/rtl/phy/mig_7series_v4_2_ddr_mc_phy.v:1143]
WARNING: [Synth 8-7137] Register ddr_phy_4lanes_0.aux_out_reg in module mig_7series_v4_2_ddr_mc_phy has both Set and reset with same priority. This may cause simulation mismatches. Consider rewriting code  [c:/CM/VHDL_Study_Hall/Demo_OutOfBoxHardwareShowcase/hw.gen/sources_1/ip/ddr/ddr/user_design/rtl/phy/mig_7series_v4_2_ddr_mc_phy.v:1143]
WARNING: [Synth 8-7137] Register ddr_phy_4lanes_0.aux_out_reg in module mig_7series_v4_2_ddr_mc_phy has both Set and reset with same priority. This may cause simulation mismatches. Consider rewriting code  [c:/CM/VHDL_Study_Hall/Demo_OutOfBoxHardwareShowcase/hw.gen/sources_1/ip/ddr/ddr/user_design/rtl/phy/mig_7series_v4_2_ddr_mc_phy.v:1132]
WARNING: [Synth 8-7137] Register ddr_phy_4lanes_0.aux_out_reg in module mig_7series_v4_2_ddr_mc_phy has both Set and reset with same priority. This may cause simulation mismatches. Consider rewriting code  [c:/CM/VHDL_Study_Hall/Demo_OutOfBoxHardwareShowcase/hw.gen/sources_1/ip/ddr/ddr/user_design/rtl/phy/mig_7series_v4_2_ddr_mc_phy.v:1132]
WARNING: [Synth 8-3936] Found unconnected internal register 'byte_sel_data_map_reg' and it is trimmed from '96' to '88' bits. [c:/CM/VHDL_Study_Hall/Demo_OutOfBoxHardwareShowcase/hw.gen/sources_1/ip/ddr/ddr/user_design/rtl/phy/mig_7series_v4_2_ddr_mc_phy_wrapper.v:731]
WARNING: [Synth 8-3848] Net phy_data_full in module/entity mig_7series_v4_2_ddr_mc_phy_wrapper does not have driver. [c:/CM/VHDL_Study_Hall/Demo_OutOfBoxHardwareShowcase/hw.gen/sources_1/ip/ddr/ddr/user_design/rtl/phy/mig_7series_v4_2_ddr_mc_phy_wrapper.v:227]
WARNING: [Synth 8-6014] Unused sequential element rank_final_loop[0].final_do_max_reg[0] was removed.  [c:/CM/VHDL_Study_Hall/Demo_OutOfBoxHardwareShowcase/hw.gen/sources_1/ip/ddr/ddr/user_design/rtl/phy/mig_7series_v4_2_ddr_phy_dqs_found_cal_hr.v:1116]
WARNING: [Synth 8-6014] Unused sequential element rank_final_loop[0].final_do_index_reg[0] was removed.  [c:/CM/VHDL_Study_Hall/Demo_OutOfBoxHardwareShowcase/hw.gen/sources_1/ip/ddr/ddr/user_design/rtl/phy/mig_7series_v4_2_ddr_phy_dqs_found_cal_hr.v:1146]
WARNING: [Synth 8-6014] Unused sequential element dqsfound_retry_r1_reg was removed.  [c:/CM/VHDL_Study_Hall/Demo_OutOfBoxHardwareShowcase/hw.gen/sources_1/ip/ddr/ddr/user_design/rtl/phy/mig_7series_v4_2_ddr_phy_dqs_found_cal_hr.v:690]
WARNING: [Synth 8-3848] Net dqsfound_retry_done in module/entity mig_7series_v4_2_ddr_phy_dqs_found_cal_hr does not have driver. [c:/CM/VHDL_Study_Hall/Demo_OutOfBoxHardwareShowcase/hw.gen/sources_1/ip/ddr/ddr/user_design/rtl/phy/mig_7series_v4_2_ddr_phy_dqs_found_cal_hr.v:131]
WARNING: [Synth 8-6014] Unused sequential element gen_track_left_edge[0].pb_found_first_edge_r_reg was removed.  [c:/CM/VHDL_Study_Hall/Demo_OutOfBoxHardwareShowcase/hw.gen/sources_1/ip/ddr/ddr/user_design/rtl/phy/mig_7series_v4_2_ddr_phy_rdlvl.v:2473]
WARNING: [Synth 8-6014] Unused sequential element gen_track_left_edge[1].pb_found_first_edge_r_reg was removed.  [c:/CM/VHDL_Study_Hall/Demo_OutOfBoxHardwareShowcase/hw.gen/sources_1/ip/ddr/ddr/user_design/rtl/phy/mig_7series_v4_2_ddr_phy_rdlvl.v:2473]
WARNING: [Synth 8-6014] Unused sequential element gen_track_left_edge[2].pb_found_first_edge_r_reg was removed.  [c:/CM/VHDL_Study_Hall/Demo_OutOfBoxHardwareShowcase/hw.gen/sources_1/ip/ddr/ddr/user_design/rtl/phy/mig_7series_v4_2_ddr_phy_rdlvl.v:2473]
WARNING: [Synth 8-6014] Unused sequential element gen_track_left_edge[3].pb_found_first_edge_r_reg was removed.  [c:/CM/VHDL_Study_Hall/Demo_OutOfBoxHardwareShowcase/hw.gen/sources_1/ip/ddr/ddr/user_design/rtl/phy/mig_7series_v4_2_ddr_phy_rdlvl.v:2473]
WARNING: [Synth 8-6014] Unused sequential element gen_track_left_edge[4].pb_found_first_edge_r_reg was removed.  [c:/CM/VHDL_Study_Hall/Demo_OutOfBoxHardwareShowcase/hw.gen/sources_1/ip/ddr/ddr/user_design/rtl/phy/mig_7series_v4_2_ddr_phy_rdlvl.v:2473]
WARNING: [Synth 8-6014] Unused sequential element gen_track_left_edge[5].pb_found_first_edge_r_reg was removed.  [c:/CM/VHDL_Study_Hall/Demo_OutOfBoxHardwareShowcase/hw.gen/sources_1/ip/ddr/ddr/user_design/rtl/phy/mig_7series_v4_2_ddr_phy_rdlvl.v:2473]
WARNING: [Synth 8-6014] Unused sequential element gen_track_left_edge[6].pb_found_first_edge_r_reg was removed.  [c:/CM/VHDL_Study_Hall/Demo_OutOfBoxHardwareShowcase/hw.gen/sources_1/ip/ddr/ddr/user_design/rtl/phy/mig_7series_v4_2_ddr_phy_rdlvl.v:2473]
WARNING: [Synth 8-6014] Unused sequential element gen_track_left_edge[7].pb_found_first_edge_r_reg was removed.  [c:/CM/VHDL_Study_Hall/Demo_OutOfBoxHardwareShowcase/hw.gen/sources_1/ip/ddr/ddr/user_design/rtl/phy/mig_7series_v4_2_ddr_phy_rdlvl.v:2473]
WARNING: [Synth 8-6014] Unused sequential element rdlvl_stg1_done_int_r1_reg was removed.  [c:/CM/VHDL_Study_Hall/Demo_OutOfBoxHardwareShowcase/hw.gen/sources_1/ip/ddr/ddr/user_design/rtl/phy/mig_7series_v4_2_ddr_phy_rdlvl.v:685]
WARNING: [Synth 8-6014] Unused sequential element rdlvl_stg1_done_int_r2_reg was removed.  [c:/CM/VHDL_Study_Hall/Demo_OutOfBoxHardwareShowcase/hw.gen/sources_1/ip/ddr/ddr/user_design/rtl/phy/mig_7series_v4_2_ddr_phy_rdlvl.v:686]
WARNING: [Synth 8-6014] Unused sequential element rdlvl_stg1_done_int_r3_reg was removed.  [c:/CM/VHDL_Study_Hall/Demo_OutOfBoxHardwareShowcase/hw.gen/sources_1/ip/ddr/ddr/user_design/rtl/phy/mig_7series_v4_2_ddr_phy_rdlvl.v:687]
WARNING: [Synth 8-6014] Unused sequential element rdlvl_last_byte_done_int_r1_reg was removed.  [c:/CM/VHDL_Study_Hall/Demo_OutOfBoxHardwareShowcase/hw.gen/sources_1/ip/ddr/ddr/user_design/rtl/phy/mig_7series_v4_2_ddr_phy_rdlvl.v:688]
WARNING: [Synth 8-6014] Unused sequential element rdlvl_last_byte_done_int_r2_reg was removed.  [c:/CM/VHDL_Study_Hall/Demo_OutOfBoxHardwareShowcase/hw.gen/sources_1/ip/ddr/ddr/user_design/rtl/phy/mig_7series_v4_2_ddr_phy_rdlvl.v:689]
WARNING: [Synth 8-6014] Unused sequential element rdlvl_last_byte_done_int_r3_reg was removed.  [c:/CM/VHDL_Study_Hall/Demo_OutOfBoxHardwareShowcase/hw.gen/sources_1/ip/ddr/ddr/user_design/rtl/phy/mig_7series_v4_2_ddr_phy_rdlvl.v:690]
WARNING: [Synth 8-6014] Unused sequential element fine_dly_dec_done_r3_reg was removed.  [c:/CM/VHDL_Study_Hall/Demo_OutOfBoxHardwareShowcase/hw.gen/sources_1/ip/ddr/ddr/user_design/rtl/phy/mig_7series_v4_2_ddr_phy_rdlvl.v:939]
WARNING: [Synth 8-6014] Unused sequential element fine_dly_dec_done_r4_reg was removed.  [c:/CM/VHDL_Study_Hall/Demo_OutOfBoxHardwareShowcase/hw.gen/sources_1/ip/ddr/ddr/user_design/rtl/phy/mig_7series_v4_2_ddr_phy_rdlvl.v:940]
WARNING: [Synth 8-6014] Unused sequential element regl_rank_done_r_reg was removed.  [c:/CM/VHDL_Study_Hall/Demo_OutOfBoxHardwareShowcase/hw.gen/sources_1/ip/ddr/ddr/user_design/rtl/phy/mig_7series_v4_2_ddr_phy_rdlvl.v:1043]
WARNING: [Synth 8-6014] Unused sequential element cal1_state_r2_reg was removed.  [c:/CM/VHDL_Study_Hall/Demo_OutOfBoxHardwareShowcase/hw.gen/sources_1/ip/ddr/ddr/user_design/rtl/phy/mig_7series_v4_2_ddr_phy_rdlvl.v:2695]
WARNING: [Synth 8-6014] Unused sequential element cal1_state_r3_reg was removed.  [c:/CM/VHDL_Study_Hall/Demo_OutOfBoxHardwareShowcase/hw.gen/sources_1/ip/ddr/ddr/user_design/rtl/phy/mig_7series_v4_2_ddr_phy_rdlvl.v:2696]
WARNING: [Synth 8-6014] Unused sequential element cal1_cnt_cpt_timing_r_reg was removed.  [c:/CM/VHDL_Study_Hall/Demo_OutOfBoxHardwareShowcase/hw.gen/sources_1/ip/ddr/ddr/user_design/rtl/phy/mig_7series_v4_2_ddr_phy_rdlvl.v:609]
WARNING: [Synth 8-6014] Unused sequential element sample_cnt_r_reg was removed.  [c:/CM/VHDL_Study_Hall/Demo_OutOfBoxHardwareShowcase/hw.gen/sources_1/ip/ddr/ddr/user_design/rtl/phy/mig_7series_v4_2_ddr_prbs_gen.v:155]
WARNING: [Synth 8-6014] Unused sequential element reseed_prbs_r_reg was removed.  [c:/CM/VHDL_Study_Hall/Demo_OutOfBoxHardwareShowcase/hw.gen/sources_1/ip/ddr/ddr/user_design/rtl/phy/mig_7series_v4_2_ddr_prbs_gen.v:156]
WARNING: [Synth 8-6014] Unused sequential element lfsr_q_reg was removed.  [c:/CM/VHDL_Study_Hall/Demo_OutOfBoxHardwareShowcase/hw.gen/sources_1/ip/ddr/ddr/user_design/rtl/phy/mig_7series_v4_2_ddr_prbs_gen.v:173]
WARNING: [Synth 8-6014] Unused sequential element gen_single_slot_odt.phy_tmp_cs1_r_reg was removed.  [c:/CM/VHDL_Study_Hall/Demo_OutOfBoxHardwareShowcase/hw.gen/sources_1/ip/ddr/ddr/user_design/rtl/phy/mig_7series_v4_2_ddr_phy_init.v:4270]
WARNING: [Synth 8-6014] Unused sequential element gen_single_slot_odt.phy_tmp_odt_r1_reg was removed.  [c:/CM/VHDL_Study_Hall/Demo_OutOfBoxHardwareShowcase/hw.gen/sources_1/ip/ddr/ddr/user_design/rtl/phy/mig_7series_v4_2_ddr_phy_init.v:4272]
WARNING: [Synth 8-6014] Unused sequential element wrlvl_final_r_reg was removed.  [c:/CM/VHDL_Study_Hall/Demo_OutOfBoxHardwareShowcase/hw.gen/sources_1/ip/ddr/ddr/user_design/rtl/phy/mig_7series_v4_2_ddr_phy_init.v:1420]
WARNING: [Synth 8-6014] Unused sequential element wrlvl_rank_cntr_reg was removed.  [c:/CM/VHDL_Study_Hall/Demo_OutOfBoxHardwareShowcase/hw.gen/sources_1/ip/ddr/ddr/user_design/rtl/phy/mig_7series_v4_2_ddr_phy_init.v:1538]
WARNING: [Synth 8-6014] Unused sequential element cnt_pwron_cke_done_r1_reg was removed.  [c:/CM/VHDL_Study_Hall/Demo_OutOfBoxHardwareShowcase/hw.gen/sources_1/ip/ddr/ddr/user_design/rtl/phy/mig_7series_v4_2_ddr_phy_init.v:1780]
WARNING: [Synth 8-6014] Unused sequential element cnt_txpr_r_reg was removed.  [c:/CM/VHDL_Study_Hall/Demo_OutOfBoxHardwareShowcase/hw.gen/sources_1/ip/ddr/ddr/user_design/rtl/phy/mig_7series_v4_2_ddr_phy_init.v:1798]
WARNING: [Synth 8-6014] Unused sequential element cnt_txpr_done_r_reg was removed.  [c:/CM/VHDL_Study_Hall/Demo_OutOfBoxHardwareShowcase/hw.gen/sources_1/ip/ddr/ddr/user_design/rtl/phy/mig_7series_v4_2_ddr_phy_init.v:1799]
WARNING: [Synth 8-6014] Unused sequential element rnk_ref_cnt_reg was removed.  [c:/CM/VHDL_Study_Hall/Demo_OutOfBoxHardwareShowcase/hw.gen/sources_1/ip/ddr/ddr/user_design/rtl/phy/mig_7series_v4_2_ddr_phy_init.v:1940]
WARNING: [Synth 8-6014] Unused sequential element read_calib_int_reg was removed.  [c:/CM/VHDL_Study_Hall/Demo_OutOfBoxHardwareShowcase/hw.gen/sources_1/ip/ddr/ddr/user_design/rtl/phy/mig_7series_v4_2_ddr_phy_init.v:2719]
WARNING: [Synth 8-6014] Unused sequential element read_calib_r_reg was removed.  [c:/CM/VHDL_Study_Hall/Demo_OutOfBoxHardwareShowcase/hw.gen/sources_1/ip/ddr/ddr/user_design/rtl/phy/mig_7series_v4_2_ddr_phy_init.v:2726]
WARNING: [Synth 8-6014] Unused sequential element ddr3_lm_done_r_reg was removed.  [c:/CM/VHDL_Study_Hall/Demo_OutOfBoxHardwareShowcase/hw.gen/sources_1/ip/ddr/ddr/user_design/rtl/phy/mig_7series_v4_2_ddr_phy_init.v:2771]
WARNING: [Synth 8-6014] Unused sequential element pi_dqs_found_rank_done_r_reg was removed.  [c:/CM/VHDL_Study_Hall/Demo_OutOfBoxHardwareShowcase/hw.gen/sources_1/ip/ddr/ddr/user_design/rtl/phy/mig_7series_v4_2_ddr_phy_init.v:2777]
WARNING: [Synth 8-6014] Unused sequential element pi_dqs_found_all_r_reg was removed.  [c:/CM/VHDL_Study_Hall/Demo_OutOfBoxHardwareShowcase/hw.gen/sources_1/ip/ddr/ddr/user_design/rtl/phy/mig_7series_v4_2_ddr_phy_init.v:2782]
WARNING: [Synth 8-6014] Unused sequential element complex_row0_rd_done_r1_reg was removed.  [c:/CM/VHDL_Study_Hall/Demo_OutOfBoxHardwareShowcase/hw.gen/sources_1/ip/ddr/ddr/user_design/rtl/phy/mig_7series_v4_2_ddr_phy_init.v:3338]
WARNING: [Synth 8-6014] Unused sequential element rdlvl_wr_r_reg was removed.  [c:/CM/VHDL_Study_Hall/Demo_OutOfBoxHardwareShowcase/hw.gen/sources_1/ip/ddr/ddr/user_design/rtl/phy/mig_7series_v4_2_ddr_phy_init.v:3631]
WARNING: [Synth 8-6014] Unused sequential element extend_cal_pat_reg was removed.  [c:/CM/VHDL_Study_Hall/Demo_OutOfBoxHardwareShowcase/hw.gen/sources_1/ip/ddr/ddr/user_design/rtl/phy/mig_7series_v4_2_ddr_phy_init.v:3637]
WARNING: [Synth 8-6014] Unused sequential element cnt_init_data_r_reg was removed.  [c:/CM/VHDL_Study_Hall/Demo_OutOfBoxHardwareShowcase/hw.gen/sources_1/ip/ddr/ddr/user_design/rtl/phy/mig_7series_v4_2_ddr_phy_init.v:3713]
WARNING: [Synth 8-6014] Unused sequential element victim_byte_cnt_reg was removed.  [c:/CM/VHDL_Study_Hall/Demo_OutOfBoxHardwareShowcase/hw.gen/sources_1/ip/ddr/ddr/user_design/rtl/phy/mig_7series_v4_2_ddr_phy_init.v:817]
WARNING: [Synth 8-6014] Unused sequential element calib_cas_slot_reg was removed.  [c:/CM/VHDL_Study_Hall/Demo_OutOfBoxHardwareShowcase/hw.gen/sources_1/ip/ddr/ddr/user_design/rtl/phy/mig_7series_v4_2_ddr_phy_init.v:4172]
WARNING: [Synth 8-3936] Found unconnected internal register 'rdlvl_start_dly0_r_reg' and it is trimmed from '16' to '15' bits. [c:/CM/VHDL_Study_Hall/Demo_OutOfBoxHardwareShowcase/hw.gen/sources_1/ip/ddr/ddr/user_design/rtl/phy/mig_7series_v4_2_ddr_phy_init.v:1227]
WARNING: [Synth 8-3936] Found unconnected internal register 'wrcal_start_dly_r_reg' and it is trimmed from '16' to '15' bits. [c:/CM/VHDL_Study_Hall/Demo_OutOfBoxHardwareShowcase/hw.gen/sources_1/ip/ddr/ddr/user_design/rtl/phy/mig_7series_v4_2_ddr_phy_init.v:1229]
WARNING: [Synth 8-3936] Found unconnected internal register 'oclkdelay_start_dly_r_reg' and it is trimmed from '16' to '15' bits. [c:/CM/VHDL_Study_Hall/Demo_OutOfBoxHardwareShowcase/hw.gen/sources_1/ip/ddr/ddr/user_design/rtl/phy/mig_7series_v4_2_ddr_phy_init.v:1231]
WARNING: [Synth 8-6014] Unused sequential element gen_single_slot_odt.tmp_mr2_r_reg[1] was removed.  [c:/CM/VHDL_Study_Hall/Demo_OutOfBoxHardwareShowcase/hw.gen/sources_1/ip/ddr/ddr/user_design/rtl/phy/mig_7series_v4_2_ddr_phy_init.v:4264]
WARNING: [Synth 8-6014] Unused sequential element gen_single_slot_odt.tmp_mr2_r_reg[2] was removed.  [c:/CM/VHDL_Study_Hall/Demo_OutOfBoxHardwareShowcase/hw.gen/sources_1/ip/ddr/ddr/user_design/rtl/phy/mig_7series_v4_2_ddr_phy_init.v:4264]
WARNING: [Synth 8-6014] Unused sequential element gen_single_slot_odt.tmp_mr2_r_reg[3] was removed.  [c:/CM/VHDL_Study_Hall/Demo_OutOfBoxHardwareShowcase/hw.gen/sources_1/ip/ddr/ddr/user_design/rtl/phy/mig_7series_v4_2_ddr_phy_init.v:4264]
WARNING: [Synth 8-6014] Unused sequential element gen_single_slot_odt.tmp_mr1_r_reg[1] was removed.  [c:/CM/VHDL_Study_Hall/Demo_OutOfBoxHardwareShowcase/hw.gen/sources_1/ip/ddr/ddr/user_design/rtl/phy/mig_7series_v4_2_ddr_phy_init.v:4267]
WARNING: [Synth 8-6014] Unused sequential element gen_single_slot_odt.tmp_mr1_r_reg[2] was removed.  [c:/CM/VHDL_Study_Hall/Demo_OutOfBoxHardwareShowcase/hw.gen/sources_1/ip/ddr/ddr/user_design/rtl/phy/mig_7series_v4_2_ddr_phy_init.v:4267]
WARNING: [Synth 8-6014] Unused sequential element gen_single_slot_odt.tmp_mr1_r_reg[3] was removed.  [c:/CM/VHDL_Study_Hall/Demo_OutOfBoxHardwareShowcase/hw.gen/sources_1/ip/ddr/ddr/user_design/rtl/phy/mig_7series_v4_2_ddr_phy_init.v:4267]
WARNING: [Synth 8-6014] Unused sequential element prech_done_r1_reg was removed.  [c:/CM/VHDL_Study_Hall/Demo_OutOfBoxHardwareShowcase/hw.gen/sources_1/ip/ddr/ddr/user_design/rtl/phy/mig_7series_v4_2_ddr_phy_init.v:1302]
WARNING: [Synth 8-6014] Unused sequential element calib_cmd_wren_reg was removed.  [c:/CM/VHDL_Study_Hall/Demo_OutOfBoxHardwareShowcase/hw.gen/sources_1/ip/ddr/ddr/user_design/rtl/phy/mig_7series_v4_2_ddr_phy_init.v:4228]
WARNING: [Synth 8-3848] Net calib_aux_out in module/entity mig_7series_v4_2_ddr_phy_init does not have driver. [c:/CM/VHDL_Study_Hall/Demo_OutOfBoxHardwareShowcase/hw.gen/sources_1/ip/ddr/ddr/user_design/rtl/phy/mig_7series_v4_2_ddr_phy_init.v:275]
WARNING: [Synth 8-6014] Unused sequential element rd_active_r4_reg was removed.  [c:/CM/VHDL_Study_Hall/Demo_OutOfBoxHardwareShowcase/hw.gen/sources_1/ip/ddr/ddr/user_design/rtl/phy/mig_7series_v4_2_ddr_phy_wrcal.v:534]
WARNING: [Synth 8-6014] Unused sequential element rd_active_r5_reg was removed.  [c:/CM/VHDL_Study_Hall/Demo_OutOfBoxHardwareShowcase/hw.gen/sources_1/ip/ddr/ddr/user_design/rtl/phy/mig_7series_v4_2_ddr_phy_wrcal.v:535]
WARNING: [Synth 8-6014] Unused sequential element pat1_detect_reg was removed.  [c:/CM/VHDL_Study_Hall/Demo_OutOfBoxHardwareShowcase/hw.gen/sources_1/ip/ddr/ddr/user_design/rtl/phy/mig_7series_v4_2_ddr_phy_wrcal.v:1124]
WARNING: [Synth 8-6014] Unused sequential element early1_detect_reg was removed.  [c:/CM/VHDL_Study_Hall/Demo_OutOfBoxHardwareShowcase/hw.gen/sources_1/ip/ddr/ddr/user_design/rtl/phy/mig_7series_v4_2_ddr_phy_wrcal.v:1125]
WARNING: [Synth 8-6014] Unused sequential element rd_mux_sel_r_reg was removed.  [c:/CM/VHDL_Study_Hall/Demo_OutOfBoxHardwareShowcase/hw.gen/sources_1/ip/ddr/ddr/user_design/rtl/phy/mig_7series_v4_2_ddr_phy_wrcal.v:438]
WARNING: [Synth 8-3848] Net i in module/entity mig_7series_v4_2_ddr_phy_wrcal does not have driver. [c:/CM/VHDL_Study_Hall/Demo_OutOfBoxHardwareShowcase/hw.gen/sources_1/ip/ddr/ddr/user_design/rtl/phy/mig_7series_v4_2_ddr_phy_wrcal.v:155]
WARNING: [Synth 8-6014] Unused sequential element calib_complete_r_reg was removed.  [c:/CM/VHDL_Study_Hall/Demo_OutOfBoxHardwareShowcase/hw.gen/sources_1/ip/ddr/ddr/user_design/rtl/phy/mig_7series_v4_2_ddr_phy_tempmon.v:181]
WARNING: [Synth 8-6014] Unused sequential element sample_en_cnt_reg was removed.  [c:/CM/VHDL_Study_Hall/Demo_OutOfBoxHardwareShowcase/hw.gen/sources_1/ip/ddr/ddr/user_design/rtl/phy/mig_7series_v4_2_ddr_phy_tempmon.v:187]
WARNING: [Synth 8-6014] Unused sequential element device_temp_capture_102_reg was removed.  [c:/CM/VHDL_Study_Hall/Demo_OutOfBoxHardwareShowcase/hw.gen/sources_1/ip/ddr/ddr/user_design/rtl/phy/mig_7series_v4_2_ddr_phy_tempmon.v:289]
WARNING: [Synth 8-6014] Unused sequential element gen_byte_sel_div2.ctl_lane_sel_reg was removed.  [c:/CM/VHDL_Study_Hall/Demo_OutOfBoxHardwareShowcase/hw.gen/sources_1/ip/ddr/ddr/user_design/rtl/phy/mig_7series_v4_2_ddr_calib_top.v:962]
WARNING: [Synth 8-6014] Unused sequential element tempmon_sel_pi_incdec_r_reg was removed.  [c:/CM/VHDL_Study_Hall/Demo_OutOfBoxHardwareShowcase/hw.gen/sources_1/ip/ddr/ddr/user_design/rtl/phy/mig_7series_v4_2_ddr_calib_top.v:882]
WARNING: [Synth 8-6014] Unused sequential element ck_addr_cmd_delay_done_r1_reg was removed.  [c:/CM/VHDL_Study_Hall/Demo_OutOfBoxHardwareShowcase/hw.gen/sources_1/ip/ddr/ddr/user_design/rtl/phy/mig_7series_v4_2_ddr_calib_top.v:897]
WARNING: [Synth 8-6014] Unused sequential element ck_addr_cmd_delay_done_r2_reg was removed.  [c:/CM/VHDL_Study_Hall/Demo_OutOfBoxHardwareShowcase/hw.gen/sources_1/ip/ddr/ddr/user_design/rtl/phy/mig_7series_v4_2_ddr_calib_top.v:898]
WARNING: [Synth 8-6014] Unused sequential element ck_addr_cmd_delay_done_r3_reg was removed.  [c:/CM/VHDL_Study_Hall/Demo_OutOfBoxHardwareShowcase/hw.gen/sources_1/ip/ddr/ddr/user_design/rtl/phy/mig_7series_v4_2_ddr_calib_top.v:899]
WARNING: [Synth 8-6014] Unused sequential element ck_addr_cmd_delay_done_r4_reg was removed.  [c:/CM/VHDL_Study_Hall/Demo_OutOfBoxHardwareShowcase/hw.gen/sources_1/ip/ddr/ddr/user_design/rtl/phy/mig_7series_v4_2_ddr_calib_top.v:900]
WARNING: [Synth 8-6014] Unused sequential element ck_addr_cmd_delay_done_r5_reg was removed.  [c:/CM/VHDL_Study_Hall/Demo_OutOfBoxHardwareShowcase/hw.gen/sources_1/ip/ddr/ddr/user_design/rtl/phy/mig_7series_v4_2_ddr_calib_top.v:901]
WARNING: [Synth 8-6014] Unused sequential element ck_addr_cmd_delay_done_r6_reg was removed.  [c:/CM/VHDL_Study_Hall/Demo_OutOfBoxHardwareShowcase/hw.gen/sources_1/ip/ddr/ddr/user_design/rtl/phy/mig_7series_v4_2_ddr_calib_top.v:902]
WARNING: [Synth 8-6014] Unused sequential element skip_calib_tap_off.skip_cal_tempmon_samp_en_reg was removed.  [c:/CM/VHDL_Study_Hall/Demo_OutOfBoxHardwareShowcase/hw.gen/sources_1/ip/ddr/ddr/user_design/rtl/phy/mig_7series_v4_2_ddr_calib_top.v:2261]
WARNING: [Synth 8-6014] Unused sequential element wrlvl_final_mux_reg was removed.  [c:/CM/VHDL_Study_Hall/Demo_OutOfBoxHardwareShowcase/hw.gen/sources_1/ip/ddr/ddr/user_design/rtl/phy/mig_7series_v4_2_ddr_calib_top.v:833]
WARNING: [Synth 8-3848] Net coarse_dec_err in module/entity mig_7series_v4_2_ddr_calib_top does not have driver. [c:/CM/VHDL_Study_Hall/Demo_OutOfBoxHardwareShowcase/hw.gen/sources_1/ip/ddr/ddr/user_design/rtl/phy/mig_7series_v4_2_ddr_calib_top.v:661]
WARNING: [Synth 8-3848] Net dbg_skip_cal in module/entity mig_7series_v4_2_ddr_calib_top does not have driver. [c:/CM/VHDL_Study_Hall/Demo_OutOfBoxHardwareShowcase/hw.gen/sources_1/ip/ddr/ddr/user_design/rtl/phy/mig_7series_v4_2_ddr_calib_top.v:672]
WARNING: [Synth 8-3848] Net dbg_poc in module/entity mig_7series_v4_2_ddr_calib_top does not have driver. [c:/CM/VHDL_Study_Hall/Demo_OutOfBoxHardwareShowcase/hw.gen/sources_1/ip/ddr/ddr/user_design/rtl/phy/mig_7series_v4_2_ddr_calib_top.v:334]
WARNING: [Synth 8-3848] Net fine_delay_incdec_pb in module/entity mig_7series_v4_2_ddr_calib_top does not have driver. [c:/CM/VHDL_Study_Hall/Demo_OutOfBoxHardwareShowcase/hw.gen/sources_1/ip/ddr/ddr/user_design/rtl/phy/mig_7series_v4_2_ddr_calib_top.v:340]
WARNING: [Synth 8-3848] Net fine_delay_sel in module/entity mig_7series_v4_2_ddr_calib_top does not have driver. [c:/CM/VHDL_Study_Hall/Demo_OutOfBoxHardwareShowcase/hw.gen/sources_1/ip/ddr/ddr/user_design/rtl/phy/mig_7series_v4_2_ddr_calib_top.v:341]
WARNING: [Synth 8-3848] Net lim_done in module/entity mig_7series_v4_2_ddr_calib_top does not have driver. [c:/CM/VHDL_Study_Hall/Demo_OutOfBoxHardwareShowcase/hw.gen/sources_1/ip/ddr/ddr/user_design/rtl/phy/mig_7series_v4_2_ddr_calib_top.v:619]
WARNING: [Synth 8-3848] Net lim2init_write_request in module/entity mig_7series_v4_2_ddr_calib_top does not have driver. [c:/CM/VHDL_Study_Hall/Demo_OutOfBoxHardwareShowcase/hw.gen/sources_1/ip/ddr/ddr/user_design/rtl/phy/mig_7series_v4_2_ddr_calib_top.v:618]
WARNING: [Synth 8-3848] Net complex_ocal_num_samples_done_r in module/entity mig_7series_v4_2_ddr_calib_top does not have driver. [c:/CM/VHDL_Study_Hall/Demo_OutOfBoxHardwareShowcase/hw.gen/sources_1/ip/ddr/ddr/user_design/rtl/phy/mig_7series_v4_2_ddr_calib_top.v:532]
WARNING: [Synth 8-3848] Net complex_ocal_rd_victim_sel in module/entity mig_7series_v4_2_ddr_calib_top does not have driver. [c:/CM/VHDL_Study_Hall/Demo_OutOfBoxHardwareShowcase/hw.gen/sources_1/ip/ddr/ddr/user_design/rtl/phy/mig_7series_v4_2_ddr_calib_top.v:533]
WARNING: [Synth 8-3848] Net done_dqs_tap_inc in module/entity mig_7series_v4_2_ddr_calib_top does not have driver. [c:/CM/VHDL_Study_Hall/Demo_OutOfBoxHardwareShowcase/hw.gen/sources_1/ip/ddr/ddr/user_design/rtl/phy/mig_7series_v4_2_ddr_calib_top.v:586]
WARNING: [Synth 8-3848] Net complex_victim_inc in module/entity mig_7series_v4_2_ddr_calib_top does not have driver. [c:/CM/VHDL_Study_Hall/Demo_OutOfBoxHardwareShowcase/hw.gen/sources_1/ip/ddr/ddr/user_design/rtl/phy/mig_7series_v4_2_ddr_calib_top.v:591]
WARNING: [Synth 8-3848] Net rd_victim_sel in module/entity mig_7series_v4_2_ddr_calib_top does not have driver. [c:/CM/VHDL_Study_Hall/Demo_OutOfBoxHardwareShowcase/hw.gen/sources_1/ip/ddr/ddr/user_design/rtl/phy/mig_7series_v4_2_ddr_calib_top.v:587]
WARNING: [Synth 8-3848] Net oclkdelay_center_calib_start in module/entity mig_7series_v4_2_ddr_calib_top does not have driver. [c:/CM/VHDL_Study_Hall/Demo_OutOfBoxHardwareShowcase/hw.gen/sources_1/ip/ddr/ddr/user_design/rtl/phy/mig_7series_v4_2_ddr_calib_top.v:596]
WARNING: [Synth 8-3848] Net oclk_center_write_resume in module/entity mig_7series_v4_2_ddr_calib_top does not have driver. [c:/CM/VHDL_Study_Hall/Demo_OutOfBoxHardwareShowcase/hw.gen/sources_1/ip/ddr/ddr/user_design/rtl/phy/mig_7series_v4_2_ddr_calib_top.v:614]
WARNING: [Synth 8-3848] Net oclkdelay_center_calib_done in module/entity mig_7series_v4_2_ddr_calib_top does not have driver. [c:/CM/VHDL_Study_Hall/Demo_OutOfBoxHardwareShowcase/hw.gen/sources_1/ip/ddr/ddr/user_design/rtl/phy/mig_7series_v4_2_ddr_calib_top.v:615]
WARNING: [Synth 8-6014] Unused sequential element app_wdf_rdy_r_copy4_reg was removed.  [c:/CM/VHDL_Study_Hall/Demo_OutOfBoxHardwareShowcase/hw.gen/sources_1/ip/ddr/ddr/user_design/rtl/ui/mig_7series_v4_2_ui_wr_data.v:267]
WARNING: [Synth 8-3848] Net error in module/entity mig_7series_v4_2_memc_ui_top_std does not have driver. [c:/CM/VHDL_Study_Hall/Demo_OutOfBoxHardwareShowcase/hw.gen/sources_1/ip/ddr/ddr/user_design/rtl/ip_top/mig_7series_v4_2_memc_ui_top_std.v:416]
WARNING: [Synth 8-3848] Net clk_ref_p in module/entity ddr_mig does not have driver. [c:/CM/VHDL_Study_Hall/Demo_OutOfBoxHardwareShowcase/hw.gen/sources_1/ip/ddr/ddr/user_design/rtl/ddr_mig.vhd:1039]
WARNING: [Synth 8-3848] Net clk_ref_n in module/entity ddr_mig does not have driver. [c:/CM/VHDL_Study_Hall/Demo_OutOfBoxHardwareShowcase/hw.gen/sources_1/ip/ddr/ddr/user_design/rtl/ddr_mig.vhd:1040]
WARNING: [Synth 8-6014] Unused sequential element en_ser_reg was removed.  [C:/CM/VHDL_Study_Hall/Demo_OutOfBoxHardwareShowcase/hw.srcs/sources_1/imports/src/hdl/AudioDemo.vhd:413]
WARNING: [Synth 8-6014] Unused sequential element rnl_int_reg was removed.  [C:/CM/VHDL_Study_Hall/Demo_OutOfBoxHardwareShowcase/hw.srcs/sources_1/imports/src/hdl/AudioDemo.vhd:483]
WARNING: [Synth 8-6014] Unused sequential element errTypeR_reg was removed.  [C:/CM/VHDL_Study_Hall/Demo_OutOfBoxHardwareShowcase/hw.srcs/sources_1/imports/src/hdl/TWICtl.vhd:335]
WARNING: [Synth 8-3936] Found unconnected internal register 'sync_scl_reg' and it is trimmed from '3' to '2' bits. [C:/CM/VHDL_Study_Hall/Demo_OutOfBoxHardwareShowcase/hw.srcs/sources_1/imports/src/hdl/TWICtl.vhd:172]
WARNING: [Synth 8-3848] Net ERRTYPE_O in module/entity TWICtl does not have driver. [C:/CM/VHDL_Study_Hall/Demo_OutOfBoxHardwareShowcase/hw.srcs/sources_1/imports/src/hdl/TWICtl.vhd:121]
WARNING: [Synth 8-3936] Found unconnected internal register 'XADC.temp_xad_px_scaled_reg' and it is trimmed from '25' to '14' bits. [C:/CM/VHDL_Study_Hall/Demo_OutOfBoxHardwareShowcase/hw.srcs/sources_1/imports/src/hdl/TempDisplay.vhd:135]
WARNING: [Synth 8-3936] Found unconnected internal register 'TEMP_ACC.temp_scaled_reg' and it is trimmed from '15' to '14' bits. [C:/CM/VHDL_Study_Hall/Demo_OutOfBoxHardwareShowcase/hw.srcs/sources_1/imports/src/hdl/TempDisplay.vhd:165]
WARNING: [Synth 8-6014] Unused sequential element RGB_LED_G_GREEN_COL_reg was removed.  [C:/CM/VHDL_Study_Hall/Demo_OutOfBoxHardwareShowcase/hw.srcs/sources_1/imports/src/hdl/RgbLedDisplay.vhd:206]
WARNING: [Synth 8-6014] Unused sequential element RGB_LED_B_BLUE_COL_reg was removed.  [C:/CM/VHDL_Study_Hall/Demo_OutOfBoxHardwareShowcase/hw.srcs/sources_1/imports/src/hdl/RgbLedDisplay.vhd:211]
WARNING: [Synth 8-6014] Unused sequential element RGB_LED_G_BLUE_COL_reg was removed.  [C:/CM/VHDL_Study_Hall/Demo_OutOfBoxHardwareShowcase/hw.srcs/sources_1/imports/src/hdl/RgbLedDisplay.vhd:207]
WARNING: [Synth 8-6014] Unused sequential element RGB_LED_B_RED_COL_reg was removed.  [C:/CM/VHDL_Study_Hall/Demo_OutOfBoxHardwareShowcase/hw.srcs/sources_1/imports/src/hdl/RgbLedDisplay.vhd:209]
WARNING: [Synth 8-6014] Unused sequential element RGB_LED_B_GREEN_COL_reg was removed.  [C:/CM/VHDL_Study_Hall/Demo_OutOfBoxHardwareShowcase/hw.srcs/sources_1/imports/src/hdl/RgbLedDisplay.vhd:210]
WARNING: [Synth 8-6014] Unused sequential element MOUSE_LEFT_BUTTON_REG_reg was removed.  [C:/CM/VHDL_Study_Hall/Demo_OutOfBoxHardwareShowcase/hw.srcs/sources_1/imports/src/hdl/Vga.vhd:831]
WARNING: [Synth 8-7129] Port RGB_LED_RED[7] in module Vga is either unconnected or has no load
WARNING: [Synth 8-7129] Port RGB_LED_RED[6] in module Vga is either unconnected or has no load
WARNING: [Synth 8-7129] Port RGB_LED_RED[5] in module Vga is either unconnected or has no load
WARNING: [Synth 8-7129] Port RGB_LED_GREEN[7] in module Vga is either unconnected or has no load
WARNING: [Synth 8-7129] Port RGB_LED_GREEN[6] in module Vga is either unconnected or has no load
WARNING: [Synth 8-7129] Port RGB_LED_GREEN[5] in module Vga is either unconnected or has no load
WARNING: [Synth 8-7129] Port RGB_LED_BLUE[7] in module Vga is either unconnected or has no load
WARNING: [Synth 8-7129] Port RGB_LED_BLUE[6] in module Vga is either unconnected or has no load
WARNING: [Synth 8-7129] Port RGB_LED_BLUE[5] in module Vga is either unconnected or has no load
WARNING: [Synth 8-7129] Port ERRTYPE_O in module TWICtl is either unconnected or has no load
WARNING: [Synth 8-7129] Port rd_data_addr[4] in module mig_7series_v4_2_ui_rd_data is either unconnected or has no load
WARNING: [Synth 8-7129] Port rd_data_addr[3] in module mig_7series_v4_2_ui_rd_data is either unconnected or has no load
WARNING: [Synth 8-7129] Port rd_data_addr[2] in module mig_7series_v4_2_ui_rd_data is either unconnected or has no load
WARNING: [Synth 8-7129] Port rd_data_addr[1] in module mig_7series_v4_2_ui_rd_data is either unconnected or has no load
WARNING: [Synth 8-7129] Port rd_data_addr[0] in module mig_7series_v4_2_ui_rd_data is either unconnected or has no load
WARNING: [Synth 8-7129] Port rd_data_offset in module mig_7series_v4_2_ui_rd_data is either unconnected or has no load
WARNING: [Synth 8-7129] Port ecc_multiple[7] in module mig_7series_v4_2_ui_rd_data is either unconnected or has no load
WARNING: [Synth 8-7129] Port ecc_multiple[6] in module mig_7series_v4_2_ui_rd_data is either unconnected or has no load
WARNING: [Synth 8-7129] Port ecc_multiple[5] in module mig_7series_v4_2_ui_rd_data is either unconnected or has no load
WARNING: [Synth 8-7129] Port ecc_multiple[4] in module mig_7series_v4_2_ui_rd_data is either unconnected or has no load
WARNING: [Synth 8-7129] Port ecc_multiple[3] in module mig_7series_v4_2_ui_rd_data is either unconnected or has no load
WARNING: [Synth 8-7129] Port ecc_multiple[2] in module mig_7series_v4_2_ui_rd_data is either unconnected or has no load
WARNING: [Synth 8-7129] Port ecc_multiple[1] in module mig_7series_v4_2_ui_rd_data is either unconnected or has no load
WARNING: [Synth 8-7129] Port ecc_multiple[0] in module mig_7series_v4_2_ui_rd_data is either unconnected or has no load
WARNING: [Synth 8-7129] Port ecc_single[7] in module mig_7series_v4_2_ui_rd_data is either unconnected or has no load
WARNING: [Synth 8-7129] Port ecc_single[6] in module mig_7series_v4_2_ui_rd_data is either unconnected or has no load
WARNING: [Synth 8-7129] Port ecc_single[5] in module mig_7series_v4_2_ui_rd_data is either unconnected or has no load
WARNING: [Synth 8-7129] Port ecc_single[4] in module mig_7series_v4_2_ui_rd_data is either unconnected or has no load
WARNING: [Synth 8-7129] Port ecc_single[3] in module mig_7series_v4_2_ui_rd_data is either unconnected or has no load
WARNING: [Synth 8-7129] Port ecc_single[2] in module mig_7series_v4_2_ui_rd_data is either unconnected or has no load
WARNING: [Synth 8-7129] Port ecc_single[1] in module mig_7series_v4_2_ui_rd_data is either unconnected or has no load
WARNING: [Synth 8-7129] Port ecc_single[0] in module mig_7series_v4_2_ui_rd_data is either unconnected or has no load
WARNING: [Synth 8-7129] Port app_raw_not_ecc[7] in module mig_7series_v4_2_ui_wr_data is either unconnected or has no load
WARNING: [Synth 8-7129] Port app_raw_not_ecc[6] in module mig_7series_v4_2_ui_wr_data is either unconnected or has no load
WARNING: [Synth 8-7129] Port app_raw_not_ecc[5] in module mig_7series_v4_2_ui_wr_data is either unconnected or has no load
WARNING: [Synth 8-7129] Port app_raw_not_ecc[4] in module mig_7series_v4_2_ui_wr_data is either unconnected or has no load
WARNING: [Synth 8-7129] Port app_raw_not_ecc[3] in module mig_7series_v4_2_ui_wr_data is either unconnected or has no load
WARNING: [Synth 8-7129] Port app_raw_not_ecc[2] in module mig_7series_v4_2_ui_wr_data is either unconnected or has no load
WARNING: [Synth 8-7129] Port app_raw_not_ecc[1] in module mig_7series_v4_2_ui_wr_data is either unconnected or has no load
WARNING: [Synth 8-7129] Port app_raw_not_ecc[0] in module mig_7series_v4_2_ui_wr_data is either unconnected or has no load
WARNING: [Synth 8-7129] Port wr_data_addr[4] in module mig_7series_v4_2_ui_top is either unconnected or has no load
WARNING: [Synth 8-7129] Port accept in module mig_7series_v4_2_ui_top is either unconnected or has no load
WARNING: [Synth 8-7129] Port calib_device_temp[11] in module mig_7series_v4_2_ddr_phy_tempmon is either unconnected or has no load
WARNING: [Synth 8-7129] Port calib_device_temp[10] in module mig_7series_v4_2_ddr_phy_tempmon is either unconnected or has no load
WARNING: [Synth 8-7129] Port calib_device_temp[9] in module mig_7series_v4_2_ddr_phy_tempmon is either unconnected or has no load
WARNING: [Synth 8-7129] Port calib_device_temp[8] in module mig_7series_v4_2_ddr_phy_tempmon is either unconnected or has no load
WARNING: [Synth 8-7129] Port calib_device_temp[7] in module mig_7series_v4_2_ddr_phy_tempmon is either unconnected or has no load
WARNING: [Synth 8-7129] Port calib_device_temp[6] in module mig_7series_v4_2_ddr_phy_tempmon is either unconnected or has no load
WARNING: [Synth 8-7129] Port calib_device_temp[5] in module mig_7series_v4_2_ddr_phy_tempmon is either unconnected or has no load
WARNING: [Synth 8-7129] Port calib_device_temp[4] in module mig_7series_v4_2_ddr_phy_tempmon is either unconnected or has no load
WARNING: [Synth 8-7129] Port calib_device_temp[3] in module mig_7series_v4_2_ddr_phy_tempmon is either unconnected or has no load
WARNING: [Synth 8-7129] Port calib_device_temp[2] in module mig_7series_v4_2_ddr_phy_tempmon is either unconnected or has no load
WARNING: [Synth 8-7129] Port calib_device_temp[1] in module mig_7series_v4_2_ddr_phy_tempmon is either unconnected or has no load
WARNING: [Synth 8-7129] Port calib_device_temp[0] in module mig_7series_v4_2_ddr_phy_tempmon is either unconnected or has no load
WARNING: [Synth 8-7129] Port dbg_phy_wrcal[99] in module mig_7series_v4_2_ddr_phy_wrcal is either unconnected or has no load
WARNING: [Synth 8-7129] Port dbg_phy_wrcal[98] in module mig_7series_v4_2_ddr_phy_wrcal is either unconnected or has no load
WARNING: [Synth 8-7129] Port dbg_phy_wrcal[97] in module mig_7series_v4_2_ddr_phy_wrcal is either unconnected or has no load
WARNING: [Synth 8-7129] Port dbg_phy_wrcal[96] in module mig_7series_v4_2_ddr_phy_wrcal is either unconnected or has no load
WARNING: [Synth 8-7129] Port dbg_phy_wrcal[95] in module mig_7series_v4_2_ddr_phy_wrcal is either unconnected or has no load
WARNING: [Synth 8-7129] Port dbg_phy_wrcal[94] in module mig_7series_v4_2_ddr_phy_wrcal is either unconnected or has no load
WARNING: [Synth 8-7129] Port dbg_phy_wrcal[93] in module mig_7series_v4_2_ddr_phy_wrcal is either unconnected or has no load
WARNING: [Synth 8-7129] Port dbg_phy_wrcal[16] in module mig_7series_v4_2_ddr_phy_wrcal is either unconnected or has no load
WARNING: [Synth 8-7129] Port dbg_phy_wrcal[15] in module mig_7series_v4_2_ddr_phy_wrcal is either unconnected or has no load
WARNING: [Synth 8-7129] Port dbg_phy_wrcal[14] in module mig_7series_v4_2_ddr_phy_wrcal is either unconnected or has no load
WARNING: [Synth 8-7129] Port dbg_phy_wrcal[12] in module mig_7series_v4_2_ddr_phy_wrcal is either unconnected or has no load
WARNING: [Synth 8-7129] Port dbg_phy_wrcal[11] in module mig_7series_v4_2_ddr_phy_wrcal is either unconnected or has no load
WARNING: [Synth 8-7129] Port dbg_phy_wrcal[10] in module mig_7series_v4_2_ddr_phy_wrcal is either unconnected or has no load
WARNING: [Synth 8-7129] Port dbg_phy_wrcal[9] in module mig_7series_v4_2_ddr_phy_wrcal is either unconnected or has no load
WARNING: [Synth 8-7129] Port dqsfound_retry_done in module mig_7series_v4_2_ddr_phy_wrcal is either unconnected or has no load
WARNING: [Synth 8-7129] Port calib_aux_out[3] in module mig_7series_v4_2_ddr_phy_init is either unconnected or has no load
WARNING: [Synth 8-7129] Port calib_aux_out[2] in module mig_7series_v4_2_ddr_phy_init is either unconnected or has no load
WARNING: [Synth 8-7129] Port calib_aux_out[1] in module mig_7series_v4_2_ddr_phy_init is either unconnected or has no load
WARNING: [Synth 8-7129] Port calib_aux_out[0] in module mig_7series_v4_2_ddr_phy_init is either unconnected or has no load
WARNING: [Synth 8-7129] Port dbg_phy_init[255] in module mig_7series_v4_2_ddr_phy_init is either unconnected or has no load
WARNING: [Synth 8-7129] Port dbg_phy_init[254] in module mig_7series_v4_2_ddr_phy_init is either unconnected or has no load
WARNING: [Synth 8-7129] Port dbg_phy_init[253] in module mig_7series_v4_2_ddr_phy_init is either unconnected or has no load
WARNING: [Synth 8-7129] Port dbg_phy_init[252] in module mig_7series_v4_2_ddr_phy_init is either unconnected or has no load
WARNING: [Synth 8-7129] Port dbg_phy_init[251] in module mig_7series_v4_2_ddr_phy_init is either unconnected or has no load
WARNING: [Synth 8-7129] Port dbg_phy_init[250] in module mig_7series_v4_2_ddr_phy_init is either unconnected or has no load
WARNING: [Synth 8-7129] Port dbg_phy_init[249] in module mig_7series_v4_2_ddr_phy_init is either unconnected or has no load
WARNING: [Synth 8-7129] Port dbg_phy_init[248] in module mig_7series_v4_2_ddr_phy_init is either unconnected or has no load
WARNING: [Synth 8-7129] Port dbg_phy_init[247] in module mig_7series_v4_2_ddr_phy_init is either unconnected or has no load
WARNING: [Synth 8-7129] Port dbg_phy_init[246] in module mig_7series_v4_2_ddr_phy_init is either unconnected or has no load
WARNING: [Synth 8-7129] Port dbg_phy_init[245] in module mig_7series_v4_2_ddr_phy_init is either unconnected or has no load
WARNING: [Synth 8-7129] Port dbg_phy_init[244] in module mig_7series_v4_2_ddr_phy_init is either unconnected or has no load
WARNING: [Synth 8-7129] Port dbg_phy_init[243] in module mig_7series_v4_2_ddr_phy_init is either unconnected or has no load
WARNING: [Synth 8-7129] Port dbg_phy_init[242] in module mig_7series_v4_2_ddr_phy_init is either unconnected or has no load
WARNING: [Synth 8-7129] Port dbg_phy_init[241] in module mig_7series_v4_2_ddr_phy_init is either unconnected or has no load
WARNING: [Synth 8-7129] Port dbg_phy_init[240] in module mig_7series_v4_2_ddr_phy_init is either unconnected or has no load
WARNING: [Synth 8-7129] Port dbg_phy_init[239] in module mig_7series_v4_2_ddr_phy_init is either unconnected or has no load
WARNING: [Synth 8-7129] Port dbg_phy_init[238] in module mig_7series_v4_2_ddr_phy_init is either unconnected or has no load
WARNING: [Synth 8-7129] Port dbg_phy_init[237] in module mig_7series_v4_2_ddr_phy_init is either unconnected or has no load
WARNING: [Synth 8-7129] Port dbg_phy_init[236] in module mig_7series_v4_2_ddr_phy_init is either unconnected or has no load
WARNING: [Synth 8-7129] Port dbg_phy_init[235] in module mig_7series_v4_2_ddr_phy_init is either unconnected or has no load
WARNING: [Synth 8-7129] Port dbg_phy_init[234] in module mig_7series_v4_2_ddr_phy_init is either unconnected or has no load
WARNING: [Synth 8-7129] Port dbg_phy_init[233] in module mig_7series_v4_2_ddr_phy_init is either unconnected or has no load
WARNING: [Synth 8-7129] Port dbg_phy_init[232] in module mig_7series_v4_2_ddr_phy_init is either unconnected or has no load
WARNING: [Synth 8-7129] Port dbg_phy_init[231] in module mig_7series_v4_2_ddr_phy_init is either unconnected or has no load
WARNING: [Synth 8-7129] Port dbg_phy_init[230] in module mig_7series_v4_2_ddr_phy_init is either unconnected or has no load
WARNING: [Synth 8-7129] Port dbg_phy_init[229] in module mig_7series_v4_2_ddr_phy_init is either unconnected or has no load
INFO: [Common 17-14] Message 'Synth 8-7129' appears 100 times and further instances of the messages will be disabled. Use the Tcl command set_msg_config to change the current settings.
---------------------------------------------------------------------------------
Finished RTL Elaboration : Time (s): cpu = 00:00:21 ; elapsed = 00:00:22 . Memory (MB): peak = 2866.074 ; gain = 2093.016
---------------------------------------------------------------------------------
---------------------------------------------------------------------------------
Start Handling Custom Attributes
---------------------------------------------------------------------------------
---------------------------------------------------------------------------------
Finished Handling Custom Attributes : Time (s): cpu = 00:00:21 ; elapsed = 00:00:22 . Memory (MB): peak = 2866.074 ; gain = 2093.016
---------------------------------------------------------------------------------
---------------------------------------------------------------------------------
Finished RTL Optimization Phase 1 : Time (s): cpu = 00:00:21 ; elapsed = 00:00:22 . Memory (MB): peak = 2866.074 ; gain = 2093.016
---------------------------------------------------------------------------------
Netlist sorting complete. Time (s): cpu = 00:00:01 ; elapsed = 00:00:00.261 . Memory (MB): peak = 2866.074 ; gain = 0.000
INFO: [Netlist 29-17] Analyzing 87 Unisim elements for replacement
INFO: [Netlist 29-28] Unisim Transformation completed in 0 CPU seconds
INFO: [Project 1-570] Preparing netlist for logic optimization

Processing XDC Constraints
Initializing timing engine
Parsing XDC File [c:/CM/VHDL_Study_Hall/Demo_OutOfBoxHardwareShowcase/hw.gen/BRAM_1/ip/BRAM_1/BRAM_1/BRAM_1_in_context.xdc] for cell 'Inst_VGA/Inst_LogoDisplay/Inst_BRAM_1'
Finished Parsing XDC File [c:/CM/VHDL_Study_Hall/Demo_OutOfBoxHardwareShowcase/hw.gen/BRAM_1/ip/BRAM_1/BRAM_1/BRAM_1_in_context.xdc] for cell 'Inst_VGA/Inst_LogoDisplay/Inst_BRAM_1'
Parsing XDC File [c:/CM/VHDL_Study_Hall/Demo_OutOfBoxHardwareShowcase/hw.gen/Square_Root/ip/Square_Root/Square_Root/Square_Root_in_context.xdc] for cell 'Inst_AccelerometerCtl/Accel_Calculation/Magnitude_Calculation'
Finished Parsing XDC File [c:/CM/VHDL_Study_Hall/Demo_OutOfBoxHardwareShowcase/hw.gen/Square_Root/ip/Square_Root/Square_Root/Square_Root_in_context.xdc] for cell 'Inst_AccelerometerCtl/Accel_Calculation/Magnitude_Calculation'
Parsing XDC File [c:/CM/VHDL_Study_Hall/Demo_OutOfBoxHardwareShowcase/hw.gen/ClkGen/ip/ClkGen/ClkGen/ClkGen_in_context.xdc] for cell 'Inst_ClkGen'
Finished Parsing XDC File [c:/CM/VHDL_Study_Hall/Demo_OutOfBoxHardwareShowcase/hw.gen/ClkGen/ip/ClkGen/ClkGen/ClkGen_in_context.xdc] for cell 'Inst_ClkGen'
Parsing XDC File [c:/CM/VHDL_Study_Hall/Demo_OutOfBoxHardwareShowcase/hw.gen/sources_1/ip/ddr/ddr/user_design/constraints/ddr.xdc] for cell 'Inst_Audio/DDR/Inst_DDR'
Finished Parsing XDC File [c:/CM/VHDL_Study_Hall/Demo_OutOfBoxHardwareShowcase/hw.gen/sources_1/ip/ddr/ddr/user_design/constraints/ddr.xdc] for cell 'Inst_Audio/DDR/Inst_DDR'
INFO: [Project 1-236] Implementation specific constraints were found while reading constraint file [c:/CM/VHDL_Study_Hall/Demo_OutOfBoxHardwareShowcase/hw.gen/sources_1/ip/ddr/ddr/user_design/constraints/ddr.xdc]. These constraints will be ignored for synthesis but will be used in implementation. Impacted constraints are listed in the file [.Xil/Nexys4DdrUserDemo_propImpl.xdc].
Resolution: To avoid this warning, move constraints listed in [.Xil/Nexys4DdrUserDemo_propImpl.xdc] to another XDC file and exclude this new file from synthesis with the used_in_synthesis property (File Properties dialog in GUI) and re-run elaboration/synthesis.
INFO: [Timing 38-2] Deriving generated clocks
Parsing XDC File [C:/CM/VHDL_Study_Hall/Demo_OutOfBoxHardwareShowcase/hw.srcs/constrs_1/imports/constraints/Nexys-A7-100T-Master.xdc]
Finished Parsing XDC File [C:/CM/VHDL_Study_Hall/Demo_OutOfBoxHardwareShowcase/hw.srcs/constrs_1/imports/constraints/Nexys-A7-100T-Master.xdc]
INFO: [Project 1-236] Implementation specific constraints were found while reading constraint file [C:/CM/VHDL_Study_Hall/Demo_OutOfBoxHardwareShowcase/hw.srcs/constrs_1/imports/constraints/Nexys-A7-100T-Master.xdc]. These constraints will be ignored for synthesis but will be used in implementation. Impacted constraints are listed in the file [.Xil/Nexys4DdrUserDemo_propImpl.xdc].
Resolution: To avoid this warning, move constraints listed in [.Xil/Nexys4DdrUserDemo_propImpl.xdc] to another XDC file and exclude this new file from synthesis with the used_in_synthesis property (File Properties dialog in GUI) and re-run elaboration/synthesis.
Parsing XDC File [C:/CM/VHDL_Study_Hall/Demo_OutOfBoxHardwareShowcase/hw.runs/synth_1/dont_touch.xdc]
Finished Parsing XDC File [C:/CM/VHDL_Study_Hall/Demo_OutOfBoxHardwareShowcase/hw.runs/synth_1/dont_touch.xdc]
Completed Processing XDC Constraints

Netlist sorting complete. Time (s): cpu = 00:00:00 ; elapsed = 00:00:00.006 . Memory (MB): peak = 2866.074 ; gain = 0.000
INFO: [Project 1-111] Unisim Transformation Summary:
  A total of 46 instances were transformed.
  IOBUFDS_INTERMDISABLE => IOBUFDS_INTERMDISABLE (IBUFDS_INTERMDISABLE_INT(x2), INV, OBUFTDS(x2)): 2 instances
  IOBUF_INTERMDISABLE => IOBUF_INTERMDISABLE (IBUF_INTERMDISABLE, OBUFT): 16 instances
  RAM32M => RAM32M (RAMD32(x6), RAMS32(x2)): 28 instances

Constraint Validation Runtime : Time (s): cpu = 00:00:00 ; elapsed = 00:00:00.146 . Memory (MB): peak = 2866.074 ; gain = 0.000
WARNING: [Timing 38-316] Clock period '1000.000' specified during out-of-context synthesis of instance 'Inst_AccelerometerCtl/Accel_Calculation/Magnitude_Calculation' at clock pin 'aclk' is different from the actual clock period '9.286', this can lead to different synthesis results.
WARNING: [Timing 38-316] Clock period '20.000' specified during out-of-context synthesis of instance 'Inst_VGA/Inst_LogoDisplay/Inst_BRAM_1' at clock pin 'clka' is different from the actual clock period '9.286', this can lead to different synthesis results.
INFO: [Designutils 20-5440] No compile time benefit to using incremental synthesis; A full resynthesis will be run
INFO: [Designutils 20-4379] Flow is switching to default flow due to incremental criteria not met. If you would like to alter this behaviour and have the flow terminate instead, please set the following parameter config_implementation {autoIncr.Synth.RejectBehavior Terminate}
---------------------------------------------------------------------------------
Finished Constraint Validation : Time (s): cpu = 00:00:33 ; elapsed = 00:00:35 . Memory (MB): peak = 2866.074 ; gain = 2093.016
---------------------------------------------------------------------------------
---------------------------------------------------------------------------------
Start Loading Part and Timing Information
---------------------------------------------------------------------------------
Loading part: xc7a100tcsg324-1
---------------------------------------------------------------------------------
Finished Loading Part and Timing Information : Time (s): cpu = 00:00:33 ; elapsed = 00:00:35 . Memory (MB): peak = 2866.074 ; gain = 2093.016
---------------------------------------------------------------------------------
---------------------------------------------------------------------------------
Start Applying 'set_property' XDC Constraints
---------------------------------------------------------------------------------
---------------------------------------------------------------------------------
Finished applying 'set_property' XDC Constraints : Time (s): cpu = 00:00:33 ; elapsed = 00:00:35 . Memory (MB): peak = 2866.074 ; gain = 2093.016
---------------------------------------------------------------------------------
INFO: [Synth 8-802] inferred FSM for state register 'state_reg' in module 'RgbLed'
WARNING: [Synth 8-3936] Found unconnected internal register 'AddrInt_reg' and it is trimmed from '32' to '27' bits. [C:/CM/VHDL_Study_Hall/Demo_OutOfBoxHardwareShowcase/hw.srcs/sources_1/imports/src/hdl/RamCntrl.vhd:109]
INFO: [Synth 8-802] inferred FSM for state register 'State_reg' in module 'RamCntrl'
INFO: [Synth 8-802] inferred FSM for state register 'fine_adj_state_r_reg' in module 'mig_7series_v4_2_ddr_phy_dqs_found_cal_hr'
INFO: [Synth 8-802] inferred FSM for state register 'cal1_state_r_reg' in module 'mig_7series_v4_2_ddr_phy_rdlvl'
INFO: [Synth 8-802] inferred FSM for state register 'init_state_r_reg' in module 'mig_7series_v4_2_ddr_phy_init'
INFO: [Synth 8-802] inferred FSM for state register 'cal2_state_r_reg' in module 'mig_7series_v4_2_ddr_phy_wrcal'
INFO: [Synth 8-802] inferred FSM for state register 'tempmon_state_reg' in module 'mig_7series_v4_2_ddr_phy_tempmon'
INFO: [Synth 8-802] inferred FSM for state register 'cState_reg' in module 'Ram2Ddr'
INFO: [Synth 8-802] inferred FSM for state register 'state_reg' in module 'AudioDemo'
INFO: [Synth 8-802] inferred FSM for state register 'state_reg' in module 'FPGAMonitor'
INFO: [Synth 8-802] inferred FSM for state register 'state_reg' in module 'TWICtl'
INFO: [Synth 8-802] inferred FSM for state register 'StC_reg' in module 'SPI_If'
INFO: [Synth 8-802] inferred FSM for state register 'StC_Spi_SendRec_reg' in module 'ADXL362Ctrl'
INFO: [Synth 8-802] inferred FSM for state register 'StC_Spi_Trans_reg' in module 'ADXL362Ctrl'
INFO: [Synth 8-802] inferred FSM for state register 'StC_Adxl_Ctrl_reg' in module 'ADXL362Ctrl'
INFO: [Synth 8-802] inferred FSM for state register 'state_reg' in module 'Ps2Interface'
INFO: [Synth 8-802] inferred FSM for state register 'state_reg' in module 'MouseCtl'
WARNING: [Synth 8-6040] Register addr_cntr_reg_reg_rep driving address of a ROM cannot be packed in BRAM/URAM because of presence of initial value.
WARNING: [Synth 8-6040] Register addr_cntr_reg_reg_rep driving address of a ROM cannot be packed in BRAM/URAM because of presence of initial value.
WARNING: [Synth 8-6040] Register addr_cntr_reg_reg_rep driving address of a ROM cannot be packed in BRAM/URAM because of presence of initial value.
WARNING: [Synth 8-6040] Register addr_cntr_reg_reg_rep driving address of a ROM cannot be packed in BRAM/URAM because of presence of initial value.
WARNING: [Synth 8-6040] Register addr_cntr_reg_reg_rep driving address of a ROM cannot be packed in BRAM/URAM because of presence of initial value.
WARNING: [Synth 8-6040] Register addr_cntr_reg_reg_rep driving address of a ROM cannot be packed in BRAM/URAM because of presence of initial value.
WARNING: [Synth 8-6040] Register addr_cntr_reg_reg_rep driving address of a ROM cannot be packed in BRAM/URAM because of presence of initial value.
WARNING: [Synth 8-6040] Register addr_cntr_reg_reg_rep driving address of a ROM cannot be packed in BRAM/URAM because of presence of initial value.
WARNING: [Synth 8-6040] Register addr_cntr_reg_reg_rep driving address of a ROM cannot be packed in BRAM/URAM because of presence of initial value.
WARNING: [Synth 8-6040] Register addr_cntr_reg_reg_rep driving address of a ROM cannot be packed in BRAM/URAM because of presence of initial value.
WARNING: [Synth 8-3936] Found unconnected internal register 'ACL_MAG_IN_REG_reg' and it is trimmed from '12' to '9' bits. [C:/CM/VHDL_Study_Hall/Demo_OutOfBoxHardwareShowcase/hw.srcs/sources_1/imports/src/hdl/Vga.vhd:826]
---------------------------------------------------------------------------------------------------
                   State |                     New Encoding |                Previous Encoding 
---------------------------------------------------------------------------------------------------
                  stidle |                          0000001 |                              000
                  stblue |                          0000010 |                              011
                 stgreen |                          0000100 |                              010
                   stred |                          0001000 |                              001
               stled2off |                          0010000 |                              100
               stled1off |                          0100000 |                              101
              stled12off |                          1000000 |                              110
---------------------------------------------------------------------------------------------------
INFO: [Synth 8-3354] encoded FSM with state register 'state_reg' using encoding 'one-hot' in module 'RgbLed'
---------------------------------------------------------------------------------------------------
                   State |                     New Encoding |                Previous Encoding 
---------------------------------------------------------------------------------------------------
                    idle |                         00000010 |                              000
               assertcen |                         00010000 |                              001
            assertoenwen |                         10000000 |                              010
                   waitt |                         01000000 |                              011
                deassert |                         00100000 |                              100
                senddata |                         00001000 |                              101
                     ack |                         00000100 |                              110
                    done |                         00000001 |                              111
---------------------------------------------------------------------------------------------------
INFO: [Synth 8-3354] encoded FSM with state register 'State_reg' using encoding 'one-hot' in module 'RamCntrl'
---------------------------------------------------------------------------------------------------
                   State |                     New Encoding |                Previous Encoding 
---------------------------------------------------------------------------------------------------
           FINE_ADJ_IDLE |                             0000 |                             0000
                RST_WAIT |                             0001 |                             0011
           FINE_ADJ_DONE |                             0010 |                             1111
            RST_POSTWAIT |                             0011 |                             0001
           RST_POSTWAIT1 |                             0100 |                             0010
           FINE_ADJ_INIT |                             0101 |                             0100
                FINE_INC |                             0110 |                             0101
           FINE_INC_WAIT |                             0111 |                             0110
        FINE_INC_PREWAIT |                             1000 |                             0111
          DETECT_PREWAIT |                             1001 |                             1000
         DETECT_DQSFOUND |                             1010 |                             1001
                FINE_DEC |                             1011 |                             1011
           FINE_DEC_WAIT |                             1100 |                             1100
        FINE_DEC_PREWAIT |                             1101 |                             1101
              FINAL_WAIT |                             1110 |                             1110
              PRECH_WAIT |                             1111 |                             1010
---------------------------------------------------------------------------------------------------
INFO: [Synth 8-3354] encoded FSM with state register 'fine_adj_state_r_reg' using encoding 'sequential' in module 'mig_7series_v4_2_ddr_phy_dqs_found_cal_hr'
---------------------------------------------------------------------------------------------------
                   State |                     New Encoding |                Previous Encoding 
---------------------------------------------------------------------------------------------------
               CAL1_IDLE | 00000000000000000000000000010000000 |                           000000
   CAL1_MPR_NEW_DQS_WAIT | 00000000000000000000000001000000000 |                           011101
     CAL1_MPR_PAT_DETECT | 00000000000000000000000010000000000 |                           011111
         CAL1_VALID_WAIT | 10000000000000000000000000000000000 |                           011110
       CAL1_NEW_DQS_WAIT | 00000000000000000000010000000000000 |                           000001
   CAL1_STORE_FIRST_WAIT | 00000000000000000010000000000000000 |                           000010
         CAL1_PAT_DETECT | 00000000000000100000000000000000000 |                           000011
    CAL1_DQ_IDEL_TAP_INC | 00000000000000000000000000000000100 |                           000100
CAL1_DQ_IDEL_TAP_INC_WAIT | 00000000000000000000000000000001000 |                           000101
        CAL1_DETECT_EDGE | 00000000000001000000000000000000000 |                           001000
          CAL1_CALC_IDEL | 00000100000000000000000000000000000 |                           001011
        CAL1_CENTER_WAIT | 00000000000000000000000000000000001 |                           100010
       CAL1_IDEL_DEC_CPT | 00000000000000000000000000000000010 |                           001100
    CAL1_DQ_IDEL_TAP_DEC | 00000000000000000001000000000000000 |                           000110
CAL1_DQ_IDEL_TAP_DEC_WAIT | 00100000000000000000000000000000000 |                           000111
           CAL1_NEXT_DQS | 00000000000000000000000000000010000 |                           001110
          CAL1_REGL_LOAD | 00000000000000000000000000001000000 |                           011011
               CAL1_DONE | 00000000000000000000000000000100000 |                           001111
    CAL1_NEW_DQS_PREWAIT | 00000000000000000000000000100000000 |                           100000
  CAL1_IDEL_DEC_CPT_WAIT | 00000000000000000000100000000000000 |                           001101
 CAL1_RD_STOP_FOR_PI_INC | 00000000000000000000000100000000000 |                           100001
       CAL1_IDEL_INC_CPT | 00000000000000000000001000000000000 |                           001001
  CAL1_IDEL_INC_CPT_WAIT | 00010000000000000000000000000000000 |                           001010
          CAL1_RDLVL_ERR | 00000000000010000000000000000000000 |                           011100
---------------------------------------------------------------------------------------------------
INFO: [Synth 8-3354] encoded FSM with state register 'cal1_state_r_reg' using encoding 'one-hot' in module 'mig_7series_v4_2_ddr_phy_rdlvl'
---------------------------------------------------------------------------------------------------
                   State |                     New Encoding |                Previous Encoding 
---------------------------------------------------------------------------------------------------
               INIT_IDLE |                          0101100 |                          0000000
      INIT_WAIT_CKE_EXIT |                          0101011 |                          0000001
     INIT_DDR2_PRECHARGE |                          0011010 |                          0010111
INIT_DDR2_PRECHARGE_WAIT |                          0101111 |                          0011000
            INIT_LOAD_MR |                          0000011 |                          0000010
       INIT_LOAD_MR_WAIT |                          0100111 |                          0000011
    INIT_DDR2_MULTI_RANK |                          0011111 |                          0011101
INIT_DDR2_MULTI_RANK_WAIT |                          0011001 |                          0011110
          INIT_RDLVL_ACT |                          0000100 |                          0001100
     INIT_RDLVL_ACT_WAIT |                          0110111 |                          0001101
 INIT_PI_PHASELOCK_READS |                          0011011 |                          0100110
INIT_RDLVL_STG1_WRITE_READ |                          0110101 |                          0001111
INIT_RDLVL_COMPLEX_PI_WAIT |                          0010010 |                          1000011
INIT_RDLVL_COMPLEX_ACT_WAIT |                          0010011 |                          0110111
 INIT_RDLVL_COMPLEX_READ |                          0111010 |                          0111000
INIT_RDLVL_COMPLEX_READ_WAIT |                          0111101 |                          0111001
INIT_OCAL_COMPLEX_RESUME_WAIT |                          0101001 |                          0111110
   INIT_RDLVL_STG1_WRITE |                          0101010 |                          0001110
INIT_OCAL_COMPLEX_WRITE_WAIT |                          0101101 |                          0111101
INIT_RDLVL_COMPLEX_PRECHARGE_PREWAIT |                          0101110 |                          0111010
INIT_RDLVL_COMPLEX_PRECHARGE |                          0111011 |                          0110100
INIT_RDLVL_COMPLEX_PRECHARGE_WAIT |                          0111110 |                          0110101
    INIT_OCAL_CENTER_ACT |                          0101000 |                          0111111
INIT_OCAL_CENTER_ACT_WAIT |                          0010100 |                          1000010
INIT_OCAL_CENTER_WRITE_WAIT |                          0001100 |                          1000001
INIT_OCAL_COMPLEX_ACT_WAIT |                          0011100 |                          0111100
INIT_OCLKDELAY_READ_WAIT |                          0001001 |                          0110010
    INIT_OCLKDELAY_WRITE |                          0001010 |                          0101111
INIT_OCLKDELAY_WRITE_WAIT |                          0010101 |                          0110000
     INIT_OCLKDELAY_READ |                          0001111 |                          0110001
  INIT_OCAL_CENTER_WRITE |                          0011101 |                          1000000
  INIT_RDLVL_COMPLEX_ACT |                          0111100 |                          0110110
    INIT_RDLVL_STG1_READ |                          0110110 |                          0010000
  INIT_PRECHARGE_PREWAIT |                          0001011 |                          0010011
          INIT_PRECHARGE |                          0001000 |                          0010100
     INIT_PRECHARGE_WAIT |                          0110100 |                          0010101
               INIT_DONE |                          0110010 |                          0010110
    INIT_WRCAL_READ_WAIT |                          0100001 |                          0100100
        INIT_WRCAL_WRITE |                          0100101 |                          0100001
   INIT_WRCAL_WRITE_READ |                          0110011 |                          0100010
         INIT_WRCAL_READ |                          0100100 |                          0100011
INIT_RDLVL_STG2_READ_WAIT |                          0100110 |                          0010010
    INIT_RDLVL_STG2_READ |                          0111000 |                          0010001
   INIT_WRCAL_MULT_READS |                          0100000 |                          0100101
            INIT_REFRESH |                          0110001 |                          0011001
       INIT_REFRESH_WAIT |                          0110000 |                          0011010
---------------------------------------------------------------------------------------------------
INFO: [Synth 8-3354] encoded FSM with state register 'init_state_r_reg' using encoding 'sequential' in module 'mig_7series_v4_2_ddr_phy_init'
---------------------------------------------------------------------------------------------------
                   State |                     New Encoding |                Previous Encoding 
---------------------------------------------------------------------------------------------------
               CAL2_IDLE |                             0010 |                             0000
          CAL2_READ_WAIT |                             0100 |                             0001
           CAL2_NEXT_DQS |                             0101 |                             0010
        CAL2_SANITY_WAIT |                             0011 |                             0111
                CAL2_ERR |                             0000 |                             1000
         CAL2_WRLVL_WAIT |                             1000 |                             0011
        CAL2_DQ_IDEL_DEC |                             0111 |                             0101
        CAL2_IFIFO_RESET |                             0110 |                             0100
               CAL2_DONE |                             0001 |                             0110
---------------------------------------------------------------------------------------------------
INFO: [Synth 8-3354] encoded FSM with state register 'cal2_state_r_reg' using encoding 'sequential' in module 'mig_7series_v4_2_ddr_phy_wrcal'
---------------------------------------------------------------------------------------------------
                   State |                     New Encoding |                Previous Encoding 
---------------------------------------------------------------------------------------------------
                    IDLE |                      00000000001 |                      00000000001
                    INIT |                      00000000010 |                      00000000010
                 NEUTRAL |                      00001000000 |                      00001000000
                 ONE_DEC |                      00010000000 |                      00010000000
                 TWO_DEC |                      00100000000 |                      00100000000
               THREE_DEC |                      01000000000 |                      01000000000
                FOUR_DEC |                      10000000000 |                      10000000000
                 ONE_INC |                      00000100000 |                      00000100000
                 TWO_INC |                      00000010000 |                      00000010000
               THREE_INC |                      00000001000 |                      00000001000
                FOUR_INC |                      00000000100 |                      00000000100
---------------------------------------------------------------------------------------------------
INFO: [Synth 8-3354] encoded FSM with state register 'tempmon_state_reg' using encoding 'one-hot' in module 'mig_7series_v4_2_ddr_phy_tempmon'
---------------------------------------------------------------------------------------------------
                   State |                     New Encoding |                Previous Encoding 
---------------------------------------------------------------------------------------------------
                  stidle |                           000001 |                              000
                stpreset |                           000010 |                              001
              stsenddata |                           000100 |                              010
              stsetcmdwr |                           001000 |                              100
              stsetcmdrd |                           010000 |                              011
               stwaitcen |                           100000 |                              101
---------------------------------------------------------------------------------------------------
INFO: [Synth 8-3354] encoded FSM with state register 'cState_reg' using encoding 'one-hot' in module 'Ram2Ddr'
---------------------------------------------------------------------------------------------------
                   State |                     New Encoding |                Previous Encoding 
---------------------------------------------------------------------------------------------------
                  stidle |                               00 |                               00
                strecord |                               01 |                               01
                 stinter |                               10 |                               10
              stplayback |                               11 |                               11
---------------------------------------------------------------------------------------------------
INFO: [Synth 8-3354] encoded FSM with state register 'state_reg' using encoding 'sequential' in module 'AudioDemo'
---------------------------------------------------------------------------------------------------
                   State |                     New Encoding |                Previous Encoding 
---------------------------------------------------------------------------------------------------
                  stidle |                              001 |                               00
           streadrequest |                              010 |                               01
              streadwait |                              100 |                               10
---------------------------------------------------------------------------------------------------
INFO: [Synth 8-3354] encoded FSM with state register 'state_reg' using encoding 'one-hot' in module 'FPGAMonitor'
---------------------------------------------------------------------------------------------------
                   State |                     New Encoding |                Previous Encoding 
---------------------------------------------------------------------------------------------------
*
                  stidle |                             0001 |                             0000
                 ststart |                             1100 |                             0001
                 stwrite |                             0000 |                             0011
                  stsack |                             0010 |                             0110
                  stread |                             0110 |                             0010
            stmnackstart |                             0111 |                             1001
                  stmack |                             0101 |                             0111
             stmnackstop |                             0100 |                             1000
                  ststop |                             0011 |                             0101
---------------------------------------------------------------------------------------------------
INFO: [Synth 8-3354] encoded FSM with state register 'state_reg' using encoding 'gray' in module 'TWICtl'
---------------------------------------------------------------------------------------------------
                   State |                     New Encoding |                Previous Encoding 
---------------------------------------------------------------------------------------------------
                  stidle |                               00 |                         10100000
               stprepare |                               01 |                         00001001
                 stshift |                               10 |                         01011011
                  stdone |                               11 |                         00001110
---------------------------------------------------------------------------------------------------
INFO: [Synth 8-3354] encoded FSM with state register 'StC_reg' using encoding 'sequential' in module 'SPI_If'
---------------------------------------------------------------------------------------------------
                   State |                     New Encoding |                Previous Encoding 
---------------------------------------------------------------------------------------------------
        stspisendrecidle |                              000 |                          0000000
         stspipreparecmd |                              001 |                          1000001
         stspisendstartw |                              010 |                          0001011
        stspiwaitondonew |                              011 |                          0000111
         stspisendstartr |                              100 |                          0001110
        stspiwaitondoner |                              101 |                          0100100
        stspisendrecdone |                              110 |                          0010101
---------------------------------------------------------------------------------------------------
INFO: [Synth 8-3354] encoded FSM with state register 'StC_Spi_SendRec_reg' using encoding 'sequential' in module 'ADXL362Ctrl'
---------------------------------------------------------------------------------------------------
                   State |                     New Encoding |                Previous Encoding 
---------------------------------------------------------------------------------------------------
          stspitransidle |                              000 |                       0000000000
     stspiprepandsendcmd |                              001 |                       1111100001
       stspiwaitondonesr |                              010 |                       0000110011
     stspiwaitforssinact |                              011 |                       0000000010
          stspitransdone |                              100 |                       0000001110
---------------------------------------------------------------------------------------------------
INFO: [Synth 8-3354] encoded FSM with state register 'StC_Spi_Trans_reg' using encoding 'sequential' in module 'ADXL362Ctrl'
---------------------------------------------------------------------------------------------------
                   State |                     New Encoding |                Previous Encoding 
---------------------------------------------------------------------------------------------------
          stadxlctrlidle |                             0000 |                     100100000000
      stadxlsendresetcmd |                             0001 |                     011001000001
     stadxlwaitresetdone |                             0010 |                     010000000011
    stadxlconf_remaining |                             0011 |                     011001000010
stadxlwaitsampleratetick |                             0100 |                     000100000110
       stadxlread_status |                             0101 |                     011001000111
         stadxlread_data |                             0110 |                     011000000101
      stadxlformatandsum |                             0111 |                     000010101101
         stadxlread_done |                             1000 |                     000001011111
---------------------------------------------------------------------------------------------------
INFO: [Synth 8-3354] encoded FSM with state register 'StC_Adxl_Ctrl_reg' using encoding 'sequential' in module 'ADXL362Ctrl'
---------------------------------------------------------------------------------------------------
                   State |                     New Encoding |                Previous Encoding 
---------------------------------------------------------------------------------------------------
                    idle |                00000000000000001 |                            00000
            rx_down_edge |                00000000000000010 |                            00011
                rx_clk_l |                00000000000000100 |                            00010
                rx_clk_h |                00000000000001000 |                            00001
         rx_error_parity |                00000000000010000 |                            00100
           rx_data_ready |                00000000000100000 |                            00101
          tx_force_clk_l |                00000000001000000 |                            00110
      tx_bring_data_down |                00000000010000000 |                            00111
          tx_release_clk |                00000000100000000 |                            01000
 tx_first_wait_down_edge |                00000001000000000 |                            01001
                tx_clk_l |                00000010000000000 |                            01010
         tx_wait_up_edge |                00000100000000000 |                            01011
tx_wait_up_edge_before_ack |                00001000000000000 |                            01101
             tx_wait_ack |                00010000000000000 |                            01110
         tx_received_ack |                00100000000000000 |                            01111
         tx_error_no_ack |                01000000000000000 |                            10000
                tx_clk_h |                10000000000000000 |                            01100
---------------------------------------------------------------------------------------------------
INFO: [Synth 8-3354] encoded FSM with state register 'state_reg' using encoding 'one-hot' in module 'Ps2Interface'
---------------------------------------------------------------------------------------------------
                   State |                     New Encoding |                Previous Encoding 
---------------------------------------------------------------------------------------------------
                   reset | 0000000000000000000000000000000000001 |                           000000
          reset_wait_ack | 0000000000000000000000000000000000010 |                           000001
reset_wait_bat_completion | 0000000000000000000000000000000000100 |                           000010
           reset_wait_id | 0000000000000000000000000000000001000 |                           000011
reset_set_sample_rate_200 | 0000000000000000000000000000000010000 |                           000100
reset_set_sample_rate_200_wait_ack | 0000000000000000000000000000000100000 |                           000101
reset_send_sample_rate_200 | 0000000000000000000000000000001000000 |                           000110
reset_send_sample_rate_200_wait_ack | 0000000000000000000000000000010000000 |                           000111
reset_set_sample_rate_100 | 0000000000000000000000000000100000000 |                           001000
reset_set_sample_rate_100_wait_ack | 0000000000000000000000000001000000000 |                           001001
reset_send_sample_rate_100 | 0000000000000000000000000010000000000 |                           001010
reset_send_sample_rate_100_wait_ack | 0000000000000000000000000100000000000 |                           001011
reset_set_sample_rate_80 | 0000000000000000000000001000000000000 |                           001100
reset_set_sample_rate_80_wait_ack | 0000000000000000000000010000000000000 |                           001101
reset_send_sample_rate_80 | 0000000000000000000000100000000000000 |                           001110
reset_send_sample_rate_80_wait_ack | 0000000000000000000001000000000000000 |                           001111
           reset_read_id | 0000000000000000000010000000000000000 |                           010000
  reset_read_id_wait_ack | 0000000000000000000100000000000000000 |                           010001
   reset_read_id_wait_id | 0000000000000000001000000000000000000 |                           010010
    reset_set_resolution | 0000000000000000010000000000000000000 |                           010011
reset_set_resolution_wait_ack | 0000000000000000100000000000000000000 |                           010100
   reset_send_resolution | 0000000000000001000000000000000000000 |                           010101
reset_send_resolution_wait_ack | 0000000000000010000000000000000000000 |                           010110
reset_set_sample_rate_40 | 0000000000000100000000000000000000000 |                           010111
reset_set_sample_rate_40_wait_ack | 0000000000001000000000000000000000000 |                           011000
reset_send_sample_rate_40 | 0000000000010000000000000000000000000 |                           011001
reset_send_sample_rate_40_wait_ack | 0000000000100000000000000000000000000 |                           011010
  reset_enable_reporting | 0000000001000000000000000000000000000 |                           011011
reset_enable_reporting_wait_ack | 0000000010000000000000000000000000000 |                           011100
             read_byte_1 | 0000000100000000000000000000000000000 |                           011101
             read_byte_2 | 0000001000000000000000000000000000000 |                           011110
             read_byte_3 | 0000010000000000000000000000000000000 |                           011111
             read_byte_4 | 0000100000000000000000000000000000000 |                           100000
          mark_new_event | 0001000000000000000000000000000000000 |                           100100
           check_read_id | 0010000000000000000000000000000000000 |                           100001
  check_read_id_wait_ack | 0100000000000000000000000000000000000 |                           100010
   check_read_id_wait_id | 1000000000000000000000000000000000000 |                           100011
---------------------------------------------------------------------------------------------------
INFO: [Synth 8-3354] encoded FSM with state register 'state_reg' using encoding 'one-hot' in module 'MouseCtl'
---------------------------------------------------------------------------------
Finished RTL Optimization Phase 2 : Time (s): cpu = 00:01:24 ; elapsed = 00:01:27 . Memory (MB): peak = 3599.730 ; gain = 2826.672
---------------------------------------------------------------------------------
---------------------------------------------------------------------------------
Start RTL Component Statistics 
---------------------------------------------------------------------------------
Detailed RTL Component Info : 
+---Adders : 
	   3 Input   32 Bit       Adders := 1     
	   2 Input   32 Bit       Adders := 1     
	   2 Input   31 Bit       Adders := 1     
	   3 Input   26 Bit       Adders := 1     
	   2 Input   24 Bit       Adders := 1     
	   2 Input   21 Bit       Adders := 1     
	   2 Input   14 Bit       Adders := 1     
	   2 Input   13 Bit       Adders := 9     
	   3 Input   13 Bit       Adders := 9     
	   2 Input   12 Bit       Adders := 38    
	   3 Input   12 Bit       Adders := 2     
	   2 Input   11 Bit       Adders := 4     
	   2 Input   10 Bit       Adders := 17    
	   2 Input    9 Bit       Adders := 6     
	   2 Input    8 Bit       Adders := 14    
	   4 Input    8 Bit       Adders := 1     
	   3 Input    8 Bit       Adders := 2     
	   2 Input    7 Bit       Adders := 3     
	   2 Input    6 Bit       Adders := 20    
	   3 Input    6 Bit       Adders := 3     
	   2 Input    5 Bit       Adders := 36    
	   2 Input    4 Bit       Adders := 30    
	   3 Input    4 Bit       Adders := 2     
	   2 Input    3 Bit       Adders := 18    
	   3 Input    3 Bit       Adders := 1     
	   2 Input    2 Bit       Adders := 51    
	   3 Input    2 Bit       Adders := 3     
	   4 Input    2 Bit       Adders := 5     
	   5 Input    2 Bit       Adders := 1     
	   8 Input    2 Bit       Adders := 1     
	   2 Input    1 Bit       Adders := 6     
	   3 Input    1 Bit       Adders := 1     
	   4 Input    1 Bit       Adders := 1     
	   5 Input    1 Bit       Adders := 1     
	   6 Input    1 Bit       Adders := 1     
	   7 Input    1 Bit       Adders := 1     
	   8 Input    1 Bit       Adders := 1     
	   9 Input    1 Bit       Adders := 1     
+---XORs : 
	   2 Input      1 Bit         XORs := 2     
+---Registers : 
	              375 Bit    Registers := 1     
	              144 Bit    Registers := 1     
	              128 Bit    Registers := 3     
	               88 Bit    Registers := 1     
	               80 Bit    Registers := 3     
	               52 Bit    Registers := 1     
	               32 Bit    Registers := 9     
	               31 Bit    Registers := 1     
	               30 Bit    Registers := 1     
	               27 Bit    Registers := 6     
	               24 Bit    Registers := 1     
	               23 Bit    Registers := 1     
	               22 Bit    Registers := 1     
	               21 Bit    Registers := 5     
	               16 Bit    Registers := 22    
	               15 Bit    Registers := 4     
	               14 Bit    Registers := 1     
	               13 Bit    Registers := 12    
	               12 Bit    Registers := 56    
	               11 Bit    Registers := 5     
	               10 Bit    Registers := 9     
	                9 Bit    Registers := 16    
	                8 Bit    Registers := 43    
	                7 Bit    Registers := 4     
	                6 Bit    Registers := 44    
	                5 Bit    Registers := 45    
	                4 Bit    Registers := 116   
	                3 Bit    Registers := 41    
	                2 Bit    Registers := 65    
	                1 Bit    Registers := 1614  
+---RAMs : 
	              18K Bit	(2048 X 9 bit)          RAMs := 1     
+---Muxes : 
	   2 Input  128 Bit        Muxes := 4     
	   4 Input  128 Bit        Muxes := 1     
	   2 Input  127 Bit        Muxes := 1     
	   2 Input   80 Bit        Muxes := 6     
	   2 Input   64 Bit        Muxes := 1     
	   2 Input   52 Bit        Muxes := 1     
	  37 Input   37 Bit        Muxes := 1     
	   2 Input   37 Bit        Muxes := 69    
	  24 Input   35 Bit        Muxes := 1     
	   2 Input   35 Bit        Muxes := 20    
	   2 Input   32 Bit        Muxes := 2     
	   6 Input   32 Bit        Muxes := 1     
	   4 Input   32 Bit        Muxes := 1     
	   2 Input   30 Bit        Muxes := 12    
	   4 Input   30 Bit        Muxes := 4     
	   3 Input   22 Bit        Muxes := 1     
	   2 Input   20 Bit        Muxes := 10    
	   4 Input   17 Bit        Muxes := 1     
	  17 Input   17 Bit        Muxes := 1     
	   2 Input   17 Bit        Muxes := 18    
	   2 Input   16 Bit        Muxes := 23    
	   3 Input   16 Bit        Muxes := 9     
	   4 Input   16 Bit        Muxes := 1     
	   2 Input   14 Bit        Muxes := 2     
	   2 Input   13 Bit        Muxes := 9     
	   3 Input   13 Bit        Muxes := 1     
	   2 Input   12 Bit        Muxes := 18    
	   4 Input   12 Bit        Muxes := 1     
	   5 Input   12 Bit        Muxes := 1     
	   9 Input   12 Bit        Muxes := 1     
	  11 Input   11 Bit        Muxes := 1     
	   2 Input   11 Bit        Muxes := 11    
	   2 Input   10 Bit        Muxes := 7     
	   5 Input   10 Bit        Muxes := 1     
	   4 Input    9 Bit        Muxes := 6     
	   2 Input    9 Bit        Muxes := 17    
	   2 Input    8 Bit        Muxes := 21    
	   5 Input    8 Bit        Muxes := 3     
	   8 Input    8 Bit        Muxes := 4     
	   4 Input    8 Bit        Muxes := 1     
	  37 Input    8 Bit        Muxes := 3     
	   2 Input    7 Bit        Muxes := 17    
	  46 Input    7 Bit        Muxes := 1     
	 101 Input    7 Bit        Muxes := 1     
	   7 Input    7 Bit        Muxes := 2     
	   4 Input    7 Bit        Muxes := 1     
	   2 Input    6 Bit        Muxes := 62    
	   4 Input    6 Bit        Muxes := 7     
	   5 Input    6 Bit        Muxes := 1     
	  16 Input    6 Bit        Muxes := 1     
	  24 Input    6 Bit        Muxes := 5     
	   6 Input    6 Bit        Muxes := 1     
	   2 Input    5 Bit        Muxes := 33    
	   8 Input    5 Bit        Muxes := 2     
	  24 Input    5 Bit        Muxes := 1     
	   4 Input    5 Bit        Muxes := 7     
	   3 Input    5 Bit        Muxes := 2     
	   2 Input    4 Bit        Muxes := 67    
	  32 Input    4 Bit        Muxes := 1     
	   9 Input    4 Bit        Muxes := 3     
	  22 Input    4 Bit        Muxes := 1     
	  27 Input    4 Bit        Muxes := 1     
	  37 Input    4 Bit        Muxes := 1     
	   2 Input    3 Bit        Muxes := 72    
	   4 Input    3 Bit        Muxes := 5     
	   8 Input    3 Bit        Muxes := 1     
	   7 Input    3 Bit        Muxes := 1     
	   5 Input    3 Bit        Muxes := 1     
	   2 Input    2 Bit        Muxes := 74    
	   3 Input    2 Bit        Muxes := 4     
	   8 Input    2 Bit        Muxes := 4     
	  24 Input    2 Bit        Muxes := 2     
	   6 Input    2 Bit        Muxes := 1     
	   4 Input    2 Bit        Muxes := 6     
	   9 Input    2 Bit        Muxes := 1     
	   2 Input    1 Bit        Muxes := 530   
	   3 Input    1 Bit        Muxes := 21    
	   8 Input    1 Bit        Muxes := 11    
	   4 Input    1 Bit        Muxes := 230   
	   5 Input    1 Bit        Muxes := 2     
	  16 Input    1 Bit        Muxes := 21    
	  24 Input    1 Bit        Muxes := 30    
	  46 Input    1 Bit        Muxes := 1     
	   9 Input    1 Bit        Muxes := 22    
	  11 Input    1 Bit        Muxes := 3     
	   6 Input    1 Bit        Muxes := 1     
	   7 Input    1 Bit        Muxes := 2     
	  10 Input    1 Bit        Muxes := 1     
	  17 Input    1 Bit        Muxes := 4     
	  37 Input    1 Bit        Muxes := 20    
---------------------------------------------------------------------------------
Finished RTL Component Statistics 
---------------------------------------------------------------------------------
---------------------------------------------------------------------------------
Start Part Resource Summary
---------------------------------------------------------------------------------
Part Resources:
DSPs: 240 (col length:80)
BRAMs: 270 (col length: RAMB18 80 RAMB36 40)
---------------------------------------------------------------------------------
Finished Part Resource Summary
---------------------------------------------------------------------------------
---------------------------------------------------------------------------------
Start Cross Boundary and Area Optimization
---------------------------------------------------------------------------------
WARNING: [Synth 8-3936] Found unconnected internal register 'RAM/data_o_reg' and it is trimmed from '32' to '16' bits. [C:/CM/VHDL_Study_Hall/Demo_OutOfBoxHardwareShowcase/hw.srcs/sources_1/imports/src/hdl/RamCntrl.vhd:340]
WARNING: [Synth 8-3936] Found unconnected internal register 'byte_sel_data_map_reg' and it is trimmed from '88' to '4' bits. [c:/CM/VHDL_Study_Hall/Demo_OutOfBoxHardwareShowcase/hw.gen/sources_1/ip/ddr/ddr/user_design/rtl/phy/mig_7series_v4_2_ddr_mc_phy_wrapper.v:731]
INFO: [Synth 8-3886] merging instance 'byte_sel_data_map_reg[3]' (FD) to 'fine_delay_mod1[-1111111109]'
INFO: [Synth 8-3886] merging instance 'byte_sel_data_map_reg[0]' (FD) to 'fine_delay_mod7[-1111111109]'
INFO: [Synth 8-3886] merging instance 'byte_sel_data_map_reg[2]' (FD) to 'fine_delay_mod1[-1111111109]'
INFO: [Synth 8-3886] merging instance 'fine_delay_mod7[-1111111108]' (FD) to 'fine_delay_mod1[-1111111109]'
INFO: [Synth 8-3886] merging instance 'fine_delay_mod7[-1111111111]' (FD) to 'fine_delay_mod1[-1111111109]'
INFO: [Synth 8-3886] merging instance 'fine_delay_mod7[-1111111109]' (FD) to 'fine_delay_mod6[-1111111111]'
INFO: [Synth 8-3886] merging instance 'fine_delay_mod6[-1111111108]' (FD) to 'fine_delay_mod1[-1111111109]'
INFO: [Synth 8-3886] merging instance 'fine_delay_mod6[-1111111111]' (FD) to 'fine_delay_mod5[-1111111111]'
INFO: [Synth 8-3886] merging instance 'fine_delay_mod6[-1111111109]' (FD) to 'fine_delay_mod2[-1111111108]'
INFO: [Synth 8-3886] merging instance 'fine_delay_mod5[-1111111108]' (FD) to 'fine_delay_mod1[-1111111109]'
INFO: [Synth 8-3886] merging instance 'fine_delay_mod5[-1111111110]' (FD) to 'fine_delay_mod1[-1111111110]'
INFO: [Synth 8-3886] merging instance 'fine_delay_mod5[-1111111111]' (FD) to 'fine_delay_mod5[-1111111109]'
INFO: [Synth 8-3886] merging instance 'fine_delay_mod5[-1111111109]' (FD) to 'fine_delay_mod4[-1111111109]'
INFO: [Synth 8-3886] merging instance 'fine_delay_mod4[-1111111108]' (FD) to 'fine_delay_mod1[-1111111109]'
INFO: [Synth 8-3886] merging instance 'fine_delay_mod4[-1111111111]' (FD) to 'fine_delay_mod3[-1111111108]'
INFO: [Synth 8-3886] merging instance 'fine_delay_mod3[-1111111108]' (FD) to 'fine_delay_mod3[-1111111111]'
INFO: [Synth 8-3886] merging instance 'fine_delay_mod3[-1111111110]' (FD) to 'fine_delay_mod2[-1111111110]'
INFO: [Synth 8-3886] merging instance 'fine_delay_mod3[-1111111111]' (FD) to 'fine_delay_mod2[-1111111109]'
INFO: [Synth 8-3886] merging instance 'fine_delay_mod3[-1111111109]' (FD) to 'fine_delay_mod1[-1111111109]'
INFO: [Synth 8-3886] merging instance 'fine_delay_mod2[-1111111111]' (FD) to 'fine_delay_mod1[-1111111109]'
INFO: [Synth 8-3886] merging instance 'fine_delay_mod2[-1111111109]' (FD) to 'fine_delay_mod1[-1111111108]'
INFO: [Synth 8-3886] merging instance 'fine_delay_mod1[-1111111111]' (FD) to 'fine_delay_mod1[-1111111109]'
INFO: [Synth 8-3333] propagating constant 0 across sequential element (\fine_delay_mod1[-1111111109] )
INFO: [Synth 8-3333] propagating constant 0 across sequential element (\fine_delay_mod_reg[0] )
INFO: [Synth 8-3333] propagating constant 0 across sequential element (\fine_delay_mod_reg[1] )
INFO: [Synth 8-3886] merging instance 'fine_delay_mod_reg[3]' (FDE) to 'fine_delay_mod_reg[4]'
INFO: [Synth 8-3333] propagating constant 0 across sequential element (\fine_delay_mod_reg[4] )
INFO: [Synth 8-3886] merging instance 'fine_delay_mod_reg[6]' (FDE) to 'fine_delay_mod_reg[7]'
INFO: [Synth 8-3333] propagating constant 0 across sequential element (\fine_delay_mod_reg[7] )
INFO: [Synth 8-3886] merging instance 'fine_delay_mod_reg[9]' (FDE) to 'fine_delay_mod_reg[10]'
INFO: [Synth 8-3333] propagating constant 0 across sequential element (\fine_delay_mod_reg[10] )
INFO: [Synth 8-3886] merging instance 'fine_delay_mod_reg[12]' (FDE) to 'fine_delay_mod_reg[13]'
INFO: [Synth 8-3333] propagating constant 0 across sequential element (\fine_delay_mod_reg[13] )
INFO: [Synth 8-3886] merging instance 'fine_delay_mod_reg[15]' (FDE) to 'fine_delay_mod_reg[16]'
INFO: [Synth 8-3333] propagating constant 0 across sequential element (\fine_delay_mod_reg[16] )
INFO: [Synth 8-3886] merging instance 'fine_delay_mod_reg[18]' (FDE) to 'fine_delay_mod_reg[19]'
INFO: [Synth 8-3333] propagating constant 0 across sequential element (\fine_delay_mod_reg[19] )
INFO: [Synth 8-3886] merging instance 'fine_delay_mod_reg[21]' (FDE) to 'fine_delay_mod_reg[22]'
INFO: [Synth 8-3333] propagating constant 0 across sequential element (\fine_delay_mod_reg[22] )
INFO: [Synth 8-3886] merging instance 'fine_delay_mod_reg[24]' (FDE) to 'fine_delay_mod_reg[25]'
INFO: [Synth 8-3333] propagating constant 0 across sequential element (\fine_delay_mod_reg[25] )
INFO: [Synth 8-3886] merging instance 'fine_delay_mod_reg[27]' (FDE) to 'fine_delay_mod_reg[28]'
INFO: [Synth 8-3333] propagating constant 0 across sequential element (\fine_delay_mod_reg[28] )
INFO: [Synth 8-4471] merging register 'single_rank.chip_cnt_r_reg[1:0]' into 'single_rank.chip_cnt_r_reg[1:0]' [c:/CM/VHDL_Study_Hall/Demo_OutOfBoxHardwareShowcase/hw.gen/sources_1/ip/ddr/ddr/user_design/rtl/phy/mig_7series_v4_2_ddr_phy_init.v:817]
WARNING: [Synth 8-3936] Found unconnected internal register 'oclkdelay_start_dly_r_reg' and it is trimmed from '15' to '14' bits. [c:/CM/VHDL_Study_Hall/Demo_OutOfBoxHardwareShowcase/hw.gen/sources_1/ip/ddr/ddr/user_design/rtl/phy/mig_7series_v4_2_ddr_phy_init.v:1231]
WARNING: [Synth 8-3936] Found unconnected internal register 'wrcal_start_dly_r_reg' and it is trimmed from '15' to '14' bits. [c:/CM/VHDL_Study_Hall/Demo_OutOfBoxHardwareShowcase/hw.gen/sources_1/ip/ddr/ddr/user_design/rtl/phy/mig_7series_v4_2_ddr_phy_init.v:1229]
INFO: [Synth 8-4471] merging register 'rdlvl_stg1_done_r1_reg' into 'prbs_rdlvl_done_r1_reg' [c:/CM/VHDL_Study_Hall/Demo_OutOfBoxHardwareShowcase/hw.gen/sources_1/ip/ddr/ddr/user_design/rtl/phy/mig_7series_v4_2_ddr_calib_top.v:1196]
INFO: [Synth 8-4471] merging register 'gen_byte_sel_div2.byte_sel_cnt_reg[1:0]' into 'gen_byte_sel_div2.byte_sel_cnt_reg[1:0]' [c:/CM/VHDL_Study_Hall/Demo_OutOfBoxHardwareShowcase/hw.gen/sources_1/ip/ddr/ddr/user_design/rtl/phy/mig_7series_v4_2_ddr_calib_top.v:961]
INFO: [Synth 8-4471] merging register 'gen_byte_sel_div2.byte_sel_cnt_reg[1:0]' into 'gen_byte_sel_div2.byte_sel_cnt_reg[1:0]' [c:/CM/VHDL_Study_Hall/Demo_OutOfBoxHardwareShowcase/hw.gen/sources_1/ip/ddr/ddr/user_design/rtl/phy/mig_7series_v4_2_ddr_calib_top.v:961]
INFO: [Common 17-14] Message 'Synth 8-7129' appears 100 times and further instances of the messages will be disabled. Use the Tcl command set_msg_config to change the current settings.
INFO: [Synth 8-3886] merging instance 'u_ddr_calib_top/u_ddr_phy_init/wrlvl_rank_done_r1_reg' (FD) to 'u_ddr_calib_top/u_ddr_phy_init/wrlvl_done_r_reg'
INFO: [Synth 8-3886] merging instance 'u_ddr_calib_top/ddr_phy_rdlvl_gen.u_ddr_phy_rdlvl/FSM_onehot_cal1_state_r_reg[28]' (FDRE) to 'u_ddr_calib_top/ddr_phy_rdlvl_gen.u_ddr_phy_rdlvl/FSM_onehot_cal1_state_r_reg[33]'
INFO: [Synth 8-3886] merging instance 'u_ddr_calib_top/ddr_phy_rdlvl_gen.u_ddr_phy_rdlvl/FSM_onehot_cal1_state_r_reg[27]' (FDRE) to 'u_ddr_calib_top/ddr_phy_rdlvl_gen.u_ddr_phy_rdlvl/FSM_onehot_cal1_state_r_reg[33]'
INFO: [Synth 8-3886] merging instance 'u_ddr_calib_top/ddr_phy_rdlvl_gen.u_ddr_phy_rdlvl/FSM_onehot_cal1_state_r_reg[24]' (FDRE) to 'u_ddr_calib_top/ddr_phy_rdlvl_gen.u_ddr_phy_rdlvl/FSM_onehot_cal1_state_r_reg[33]'
INFO: [Synth 8-3886] merging instance 'u_ddr_calib_top/ddr_phy_rdlvl_gen.u_ddr_phy_rdlvl/FSM_onehot_cal1_state_r_reg[23]' (FDRE) to 'u_ddr_calib_top/ddr_phy_rdlvl_gen.u_ddr_phy_rdlvl/FSM_onehot_cal1_state_r_reg[33]'
INFO: [Synth 8-3886] merging instance 'u_ddr_calib_top/ddr_phy_rdlvl_gen.u_ddr_phy_rdlvl/FSM_onehot_cal1_state_r_reg[19]' (FDRE) to 'u_ddr_calib_top/ddr_phy_rdlvl_gen.u_ddr_phy_rdlvl/FSM_onehot_cal1_state_r_reg[33]'
INFO: [Synth 8-3886] merging instance 'u_ddr_calib_top/ddr_phy_rdlvl_gen.u_ddr_phy_rdlvl/FSM_onehot_cal1_state_r_reg[26]' (FDRE) to 'u_ddr_calib_top/ddr_phy_rdlvl_gen.u_ddr_phy_rdlvl/FSM_onehot_cal1_state_r_reg[33]'
INFO: [Synth 8-3886] merging instance 'u_ddr_calib_top/ddr_phy_rdlvl_gen.u_ddr_phy_rdlvl/FSM_onehot_cal1_state_r_reg[17]' (FDRE) to 'u_ddr_calib_top/ddr_phy_rdlvl_gen.u_ddr_phy_rdlvl/FSM_onehot_cal1_state_r_reg[33]'
INFO: [Synth 8-3886] merging instance 'u_ddr_calib_top/ddr_phy_tempmon_0/two_dec_max_limit_reg[0]' (FDR) to 'u_ddr_calib_top/ddr_phy_tempmon_0/one_dec_max_limit_reg[0]'
INFO: [Synth 8-3886] merging instance 'u_ddr_calib_top/ddr_phy_tempmon_0/three_dec_min_limit_reg[0]' (FDR) to 'u_ddr_calib_top/ddr_phy_tempmon_0/two_dec_min_limit_reg[0]'
INFO: [Synth 8-3886] merging instance 'u_ddr_calib_top/ddr_phy_tempmon_0/one_dec_max_limit_reg[0]' (FDR) to 'u_ddr_calib_top/ddr_phy_tempmon_0/neutral_max_limit_reg[0]'
INFO: [Synth 8-3886] merging instance 'u_ddr_calib_top/ddr_phy_tempmon_0/two_dec_min_limit_reg[0]' (FDR) to 'u_ddr_calib_top/ddr_phy_tempmon_0/one_dec_min_limit_reg[0]'
INFO: [Synth 8-3886] merging instance 'u_ddr_calib_top/ddr_phy_tempmon_0/neutral_max_limit_reg[0]' (FDR) to 'u_ddr_calib_top/ddr_phy_tempmon_0/one_inc_max_limit_reg[0]'
INFO: [Synth 8-3886] merging instance 'u_ddr_calib_top/ddr_phy_tempmon_0/one_dec_min_limit_reg[0]' (FDR) to 'u_ddr_calib_top/ddr_phy_tempmon_0/neutral_min_limit_reg[0]'
INFO: [Synth 8-3886] merging instance 'u_ddr_calib_top/ddr_phy_tempmon_0/one_inc_max_limit_reg[0]' (FDR) to 'u_ddr_calib_top/ddr_phy_tempmon_0/two_inc_max_limit_reg[0]'
INFO: [Synth 8-3886] merging instance 'u_ddr_calib_top/ddr_phy_tempmon_0/neutral_min_limit_reg[0]' (FDR) to 'u_ddr_calib_top/ddr_phy_tempmon_0/one_inc_min_limit_reg[0]'
INFO: [Synth 8-3886] merging instance 'u_ddr_calib_top/ddr_phy_tempmon_0/two_inc_max_limit_reg[0]' (FDR) to 'u_ddr_calib_top/ddr_phy_tempmon_0/three_inc_max_limit_reg[0]'
INFO: [Synth 8-3886] merging instance 'u_ddr_calib_top/ddr_phy_tempmon_0/one_inc_min_limit_reg[0]' (FDR) to 'u_ddr_calib_top/ddr_phy_tempmon_0/two_inc_min_limit_reg[0]'
INFO: [Synth 8-3886] merging instance 'u_ddr_calib_top/ddr_phy_tempmon_0/three_inc_max_limit_reg[0]' (FDR) to 'u_ddr_calib_top/ddr_phy_tempmon_0/four_inc_max_limit_reg[0]'
INFO: [Synth 8-3886] merging instance 'u_ddr_calib_top/ddr_phy_tempmon_0/two_inc_min_limit_reg[0]' (FDR) to 'u_ddr_calib_top/ddr_phy_tempmon_0/three_inc_min_limit_reg[0]'
INFO: [Synth 8-3886] merging instance 'u_ddr_calib_top/u_ddr_phy_init/gen_rnk[1].mr1_r_reg[1][0]' (FDRE) to 'u_ddr_calib_top/u_ddr_phy_init/ocal_last_byte_done_reg'
INFO: [Synth 8-3886] merging instance 'u_ddr_calib_top/u_ddr_phy_init/gen_rnk[1].mr1_r_reg[1][1]' (FDRE) to 'u_ddr_calib_top/u_ddr_phy_init/ocal_last_byte_done_reg'
INFO: [Synth 8-3886] merging instance 'u_ddr_calib_top/u_ddr_phy_init/gen_rnk[1].mr1_r_reg[1][2]' (FDRE) to 'u_ddr_calib_top/u_ddr_phy_init/ocal_last_byte_done_reg'
INFO: [Synth 8-3886] merging instance 'u_ddr_calib_top/u_ddr_phy_init/ocal_last_byte_done_reg' (FDRE) to 'u_ddr_calib_top/u_ddr_phy_init/prbs_rdlvl_start_reg'
INFO: [Synth 8-3886] merging instance 'u_ddr_calib_top/ddr_phy_rdlvl_gen.u_ddr_phy_rdlvl/FSM_onehot_cal1_state_r_reg[30]' (FDRE) to 'u_ddr_calib_top/ddr_phy_rdlvl_gen.u_ddr_phy_rdlvl/FSM_onehot_cal1_state_r_reg[33]'
INFO: [Synth 8-3886] merging instance 'u_ddr_calib_top/ddr_phy_rdlvl_gen.u_ddr_phy_rdlvl/FSM_onehot_cal1_state_r_reg[18]' (FDRE) to 'u_ddr_calib_top/ddr_phy_rdlvl_gen.u_ddr_phy_rdlvl/FSM_onehot_cal1_state_r_reg[33]'
INFO: [Synth 8-3886] merging instance 'u_ddr_calib_top/ddr_phy_rdlvl_gen.u_ddr_phy_rdlvl/FSM_onehot_cal1_state_r_reg[25]' (FDRE) to 'u_ddr_calib_top/ddr_phy_rdlvl_gen.u_ddr_phy_rdlvl/FSM_onehot_cal1_state_r_reg[33]'
INFO: [Synth 8-3333] propagating constant 0 across sequential element (u_ddr_calib_top/\ddr_phy_rdlvl_gen.u_ddr_phy_rdlvl /\FSM_onehot_cal1_state_r_reg[33] )
INFO: [Synth 8-3333] propagating constant 1 across sequential element (u_ddr_calib_top/u_ddr_phy_wrcal/wrlvl_byte_done_r_reg)
INFO: [Synth 8-3333] propagating constant 0 across sequential element (u_ddr_calib_top/\dqsfind_calib_left.u_ddr_phy_dqs_found_cal_hr /\ctl_lane_cnt_reg[0] )
INFO: [Synth 8-3886] merging instance 'u_ddr_calib_top/u_ddr_phy_init/calib_tap_inc_done_r1_reg' (FD) to 'u_ddr_calib_top/u_ddr_phy_init/calib_data_offset_1_reg[5]'
INFO: [Synth 8-3886] merging instance 'u_ddr_calib_top/u_ddr_phy_init/wrlvl_done_r_reg' (FD) to 'u_ddr_calib_top/u_ddr_phy_init/new_burst_r_reg'
INFO: [Synth 8-3886] merging instance 'u_ddr_calib_top/u_ddr_phy_init/wrlvl_rank_done_r2_reg' (FD) to 'u_ddr_calib_top/u_ddr_phy_init/wrlvl_done_r1_reg'
INFO: [Synth 8-3886] merging instance 'u_ddr_calib_top/u_ddr_prbs_gen/victim_sel_rotate.sel_reg[0]' (FDR) to 'u_ddr_calib_top/u_ddr_prbs_gen/victim_sel_rotate.sel_reg[8]'
INFO: [Synth 8-3886] merging instance 'u_ddr_calib_top/u_ddr_prbs_gen/victim_sel_rotate.sel_reg[1]' (FDR) to 'u_ddr_calib_top/u_ddr_prbs_gen/victim_sel_rotate.sel_reg[9]'
INFO: [Synth 8-3886] merging instance 'u_ddr_calib_top/u_ddr_prbs_gen/victim_sel_rotate.sel_reg[2]' (FDR) to 'u_ddr_calib_top/u_ddr_prbs_gen/victim_sel_rotate.sel_reg[10]'
INFO: [Synth 8-3886] merging instance 'u_ddr_calib_top/u_ddr_prbs_gen/victim_sel_rotate.sel_reg[3]' (FDR) to 'u_ddr_calib_top/u_ddr_prbs_gen/victim_sel_rotate.sel_reg[11]'
INFO: [Synth 8-3886] merging instance 'u_ddr_calib_top/u_ddr_prbs_gen/victim_sel_rotate.sel_reg[4]' (FDR) to 'u_ddr_calib_top/u_ddr_prbs_gen/victim_sel_rotate.sel_reg[12]'
INFO: [Synth 8-3886] merging instance 'u_ddr_calib_top/u_ddr_prbs_gen/victim_sel_rotate.sel_reg[5]' (FDR) to 'u_ddr_calib_top/u_ddr_prbs_gen/victim_sel_rotate.sel_reg[13]'
INFO: [Synth 8-3886] merging instance 'u_ddr_calib_top/u_ddr_prbs_gen/victim_sel_rotate.sel_reg[6]' (FDR) to 'u_ddr_calib_top/u_ddr_prbs_gen/victim_sel_rotate.sel_reg[14]'
INFO: [Synth 8-3886] merging instance 'u_ddr_calib_top/u_ddr_prbs_gen/victim_sel_rotate.sel_reg[7]' (FDR) to 'u_ddr_calib_top/u_ddr_prbs_gen/victim_sel_rotate.sel_reg[15]'
INFO: [Synth 8-3886] merging instance 'u_ddr_calib_top/u_ddr_phy_init/gen_single_slot_odt.phy_tmp_odt_r_reg[2]' (FDR) to 'u_ddr_calib_top/u_ddr_phy_init/gen_single_slot_odt.phy_tmp_odt_r_reg[1]'
INFO: [Synth 8-3886] merging instance 'u_ddr_calib_top/u_ddr_phy_init/gen_single_slot_odt.phy_tmp_odt_r_reg[3]' (FDR) to 'u_ddr_calib_top/u_ddr_phy_init/gen_single_slot_odt.phy_tmp_odt_r_reg[1]'
INFO: [Synth 8-3333] propagating constant 0 across sequential element (u_ddr_calib_top/u_ddr_phy_init/\gen_single_slot_odt.phy_tmp_odt_r_reg[1] )
INFO: [Synth 8-3886] merging instance 'u_ddr_calib_top/u_ddr_phy_init/prbs_rdlvl_start_reg' (FDRE) to 'u_ddr_calib_top/u_ddr_phy_init/calib_tap_inc_start_reg'
INFO: [Synth 8-3886] merging instance 'u_ddr_calib_top/u_ddr_phy_init/prbs_last_byte_done_r_reg' (FD) to 'u_ddr_calib_top/u_ddr_phy_init/rdlvl_stg1_done_r1_reg'
INFO: [Synth 8-3333] propagating constant 0 across sequential element (u_ddr_calib_top/u_ddr_phy_init/oclk_calib_resume_level_reg)
INFO: [Synth 8-3333] propagating constant 0 across sequential element (u_ddr_calib_top/u_ddr_phy_init/oclkdelay_int_ref_req_reg)
INFO: [Synth 8-3886] merging instance 'u_ddr_calib_top/u_ddr_phy_init/wrcal_resume_r_reg' (FD) to 'u_ddr_calib_top/u_ddr_phy_init/calib_data_offset_1_reg[5]'
INFO: [Synth 8-3333] propagating constant 0 across sequential element (u_ddr_calib_top/u_ddr_phy_wrcal/wrcal_act_req_reg)
INFO: [Synth 8-3886] merging instance 'u_ddr_calib_top/u_ddr_phy_init/prbs_rdlvl_done_r1_reg' (FD) to 'u_ddr_calib_top/u_ddr_phy_init/rdlvl_stg1_done_r1_reg'
INFO: [Synth 8-3333] propagating constant 0 across sequential element (u_ddr_calib_top/u_ddr_phy_init/complex_rdlvl_int_ref_req_reg)
INFO: [Synth 8-3886] merging instance 'u_ddr_calib_top/u_ddr_phy_init/phy_data_full_r_reg' (FD) to 'u_ddr_calib_top/u_ddr_phy_init/calib_data_offset_1_reg[5]'
INFO: [Synth 8-3886] merging instance 'u_ddr_calib_top/u_ddr_phy_init/new_burst_r_reg' (FD) to 'u_ddr_calib_top/u_ddr_phy_init/gen_div4_ca_tieoff.phy_ras_n_reg[2]'
INFO: [Synth 8-3333] propagating constant 1 across sequential element (u_ddr_calib_top/\ddr_phy_rdlvl_gen.u_ddr_phy_rdlvl /mpr_rdlvl_done_r_reg)
INFO: [Synth 8-3333] propagating constant 0 across sequential element (u_ddr_calib_top/\ddr_phy_rdlvl_gen.u_ddr_phy_rdlvl /\cal1_cnt_cpt_r_reg[1] )
INFO: [Synth 8-3333] propagating constant 0 across sequential element (u_ddr_calib_top/u_ddr_phy_init/wrlvl_active_reg)
INFO: [Synth 8-3886] merging instance 'u_ddr_calib_top/u_ddr_phy_init/wrlvl_active_r1_reg' (FD) to 'u_ddr_calib_top/u_ddr_phy_init/calib_data_offset_1_reg[5]'
INFO: [Synth 8-3886] merging instance 'u_ddr_calib_top/u_ddr_phy_init/tg_timer_go_reg' (FD) to 'u_ddr_calib_top/u_ddr_phy_init/calib_data_offset_1_reg[5]'
INFO: [Synth 8-3333] propagating constant 0 across sequential element (u_ddr_calib_top/\mb_wrlvl_off.u_phy_wrlvl_off_delay /po_stg2_f_incdec_reg)
INFO: [Synth 8-3333] propagating constant 1 across sequential element (u_ddr_calib_top/\mb_wrlvl_off.u_phy_wrlvl_off_delay /po_stg2_incdec_c_reg)
INFO: [Synth 8-3333] propagating constant 0 across sequential element (u_ddr_calib_top/u_ddr_phy_init/calib_tap_end_if_reset_reg)
INFO: [Synth 8-3886] merging instance 'gen_ddr3_noparity.gen_ddr3_noparity_4by1.parity_reg[0]' (FD) to 'gen_ddr3_noparity.gen_ddr3_noparity_4by1.parity_reg[1]'
INFO: [Synth 8-3886] merging instance 'gen_ddr3_noparity.gen_ddr3_noparity_4by1.parity_reg[1]' (FD) to 'gen_ddr3_noparity.gen_ddr3_noparity_4by1.parity_reg[2]'
INFO: [Synth 8-3886] merging instance 'gen_ddr3_noparity.gen_ddr3_noparity_4by1.parity_reg[2]' (FD) to 'gen_ddr3_noparity.gen_ddr3_noparity_4by1.parity_reg[3]'
INFO: [Synth 8-3333] propagating constant 0 across sequential element (\gen_ddr3_noparity.gen_ddr3_noparity_4by1.parity_reg[3] )
INFO: [Synth 8-3886] merging instance 'u_ddr_calib_top/u_ddr_phy_init/even_cwl.phy_we_n_reg[1]' (FDS) to 'u_ddr_calib_top/u_ddr_phy_init/DDR3_1rank.phy_int_cs_n_reg[3]'
INFO: [Synth 8-3886] merging instance 'u_ddr_calib_top/u_ddr_phy_init/even_cwl.phy_ras_n_reg[1]' (FDS) to 'u_ddr_calib_top/u_ddr_phy_init/DDR3_1rank.phy_int_cs_n_reg[3]'
INFO: [Synth 8-3886] merging instance 'u_ddr_calib_top/u_ddr_phy_init/DDR3_1rank.phy_int_cs_n_reg[1]' (FDS) to 'u_ddr_calib_top/u_ddr_phy_init/DDR3_1rank.phy_int_cs_n_reg[3]'
INFO: [Synth 8-3886] merging instance 'u_ddr_calib_top/u_ddr_phy_init/DDR3_1rank.phy_int_cs_n_reg[2]' (FDS) to 'u_ddr_calib_top/u_ddr_phy_init/DDR3_1rank.phy_int_cs_n_reg[3]'
INFO: [Synth 8-3886] merging instance 'u_ddr_calib_top/u_ddr_phy_init/DDR3_1rank.phy_int_cs_n_reg[3]' (FDS) to 'u_ddr_calib_top/u_ddr_phy_init/even_cwl.phy_cas_n_reg[1]'
INFO: [Synth 8-3333] propagating constant 1 across sequential element (u_ddr_calib_top/u_ddr_phy_init/\even_cwl.phy_cas_n_reg[1] )
INFO: [Synth 8-3886] merging instance 'u_ddr_calib_top/u_ddr_phy_init/gen_div4_ca_tieoff.phy_ras_n_reg[2]' (FD) to 'u_ddr_calib_top/u_ddr_phy_init/gen_div4_ca_tieoff.phy_ras_n_reg[3]'
INFO: [Synth 8-3333] propagating constant 1 across sequential element (u_ddr_calib_top/u_ddr_phy_init/\gen_div4_ca_tieoff.phy_ras_n_reg[3] )
INFO: [Synth 8-3886] merging instance 'u_ddr_calib_top/u_ddr_phy_init/calib_data_offset_2_reg[0]' (FD) to 'u_ddr_calib_top/u_ddr_phy_init/calib_data_offset_1_reg[5]'
INFO: [Synth 8-3886] merging instance 'u_ddr_calib_top/u_ddr_phy_init/calib_data_offset_2_reg[1]' (FD) to 'u_ddr_calib_top/u_ddr_phy_init/calib_data_offset_2_reg[2]'
INFO: [Synth 8-3886] merging instance 'u_ddr_calib_top/u_ddr_phy_init/calib_data_offset_2_reg[3]' (FD) to 'u_ddr_calib_top/u_ddr_phy_init/calib_data_offset_1_reg[5]'
INFO: [Synth 8-3886] merging instance 'u_ddr_calib_top/u_ddr_phy_init/calib_data_offset_2_reg[4]' (FD) to 'u_ddr_calib_top/u_ddr_phy_init/calib_data_offset_1_reg[5]'
INFO: [Synth 8-3886] merging instance 'u_ddr_calib_top/u_ddr_phy_init/calib_data_offset_2_reg[5]' (FD) to 'u_ddr_calib_top/u_ddr_phy_init/calib_data_offset_1_reg[5]'
INFO: [Synth 8-3886] merging instance 'u_ddr_calib_top/u_ddr_phy_init/calib_data_offset_1_reg[0]' (FD) to 'u_ddr_calib_top/u_ddr_phy_init/calib_data_offset_1_reg[5]'
INFO: [Synth 8-3886] merging instance 'u_ddr_calib_top/u_ddr_phy_init/calib_data_offset_1_reg[1]' (FD) to 'u_ddr_calib_top/u_ddr_phy_init/calib_data_offset_1_reg[2]'
INFO: [Synth 8-3886] merging instance 'u_ddr_calib_top/u_ddr_phy_init/calib_data_offset_1_reg[3]' (FD) to 'u_ddr_calib_top/u_ddr_phy_init/calib_data_offset_1_reg[5]'
INFO: [Synth 8-3886] merging instance 'u_ddr_calib_top/u_ddr_phy_init/calib_data_offset_1_reg[4]' (FD) to 'u_ddr_calib_top/u_ddr_phy_init/calib_data_offset_1_reg[5]'
INFO: [Synth 8-3886] merging instance 'u_ddr_calib_top/u_ddr_phy_init/calib_data_offset_1_reg[5]' (FD) to 'u_ddr_calib_top/u_ddr_phy_init/single_rank.chip_cnt_r_reg[0]'
INFO: [Synth 8-3333] propagating constant 0 across sequential element (u_ddr_calib_top/u_ddr_phy_init/\FSM_sequential_init_state_r_reg[6] )
INFO: [Synth 8-3886] merging instance 'u_ddr_calib_top/u_ddr_phy_init/single_rank.chip_cnt_r_reg[0]' (FD) to 'u_ddr_calib_top/u_ddr_phy_init/single_rank.chip_cnt_r_reg[1]'
INFO: [Synth 8-3333] propagating constant 0 across sequential element (u_ddr_calib_top/u_ddr_phy_init/\single_rank.chip_cnt_r_reg[1] )
INFO: [Synth 8-3886] merging instance 'u_ddr_calib_top/u_ddr_phy_init/complex_address_reg[10]' (FDRE) to 'u_ddr_calib_top/u_ddr_phy_init/complex_address_reg[11]'
INFO: [Common 17-14] Message 'Synth 8-3886' appears 100 times and further instances of the messages will be disabled. Use the Tcl command set_msg_config to change the current settings.
INFO: [Common 17-14] Message 'Synth 8-3886' appears 100 times and further instances of the messages will be disabled. Use the Tcl command set_msg_config to change the current settings.
INFO: [Synth 8-3333] propagating constant 0 across sequential element (u_ddr_calib_top/u_ddr_phy_init/\complex_address_reg[12] )
INFO: [Synth 8-3333] propagating constant 0 across sequential element (u_ddr_calib_top/u_ddr_phy_wrcal/\po_fine_tap_cnt_reg[0][5] )
INFO: [Synth 8-3333] propagating constant 0 across sequential element (u_ddr_calib_top/\skip_calib_tap_off.calib_tap_req_reg )
INFO: [Synth 8-3333] propagating constant 0 across sequential element (u_ddr_calib_top/\calib_sel_reg[5] )
INFO: [Synth 8-3333] propagating constant 0 across sequential element (u_ddr_calib_top/u_ddr_phy_init/ext_int_ref_req_reg)
INFO: [Synth 8-3333] propagating constant 0 across sequential element (u_ddr_calib_top/\ddr_phy_rdlvl_gen.u_ddr_phy_rdlvl /mpr_last_byte_done_reg)
INFO: [Synth 8-3333] propagating constant 0 across sequential element (u_ddr_calib_top/u_ddr_phy_init/wr_level_dqs_asrt_reg)
INFO: [Synth 8-3333] propagating constant 1 across sequential element (u_ddr_calib_top/u_ddr_phy_init/wrlvl_done_r1_reg)
INFO: [Synth 8-3333] propagating constant 0 across sequential element (u_ddr_calib_top/u_ddr_phy_init/temp_lmr_done_reg)
INFO: [Synth 8-3333] propagating constant 1 across sequential element (u_ddr_calib_top/\ddr_phy_rdlvl_gen.u_ddr_phy_rdlvl /mpr_rdlvl_done_r1_reg)
INFO: [Synth 8-3333] propagating constant 0 across sequential element (u_ddr_calib_top/u_ddr_phy_init/\calib_odt_reg[1] )
INFO: [Synth 8-3333] propagating constant 0 across sequential element (u_ddr_calib_top/\ddr_phy_rdlvl_gen.u_ddr_phy_rdlvl /\rd_mux_sel_r_reg[1] )
INFO: [Synth 8-3333] propagating constant 0 across sequential element (u_ddr_calib_top/u_ddr_phy_init/wr_lvl_start_reg)
INFO: [Synth 8-3333] propagating constant 0 across sequential element (u_ddr_calib_top/\mb_wrlvl_off.u_phy_wrlvl_off_delay /po_s2_incdec_f_reg)
INFO: [Synth 8-3333] propagating constant 1 across sequential element (u_ddr_calib_top/\mb_wrlvl_off.u_phy_wrlvl_off_delay /po_s2_incdec_c_reg)
INFO: [Synth 8-3333] propagating constant 0 across sequential element (u_ddr_calib_top/u_ddr_phy_init/write_calib_reg)
INFO: [Synth 8-3333] propagating constant 0 across sequential element (u_ddr_calib_top/\ddr_phy_rdlvl_gen.u_ddr_phy_rdlvl /mpr_valid_r1_reg)
INFO: [Synth 8-3333] propagating constant 1 across sequential element (u_ddr_calib_top/\ddr_phy_rdlvl_gen.u_ddr_phy_rdlvl /mpr_rdlvl_done_r1_reg)
INFO: [Synth 8-3333] propagating constant 0 across sequential element (u_ddr_calib_top/u_ddr_phy_init/wrcal_sanity_chk_reg)
INFO: [Synth 8-3333] propagating constant 0 across sequential element (u_ddr_calib_top/u_ddr_phy_init/mpr_end_if_reset_reg)
INFO: [Synth 8-3333] propagating constant 0 across sequential element (u_ddr_calib_top/\ddr_phy_rdlvl_gen.u_ddr_phy_rdlvl /mpr_valid_r1_reg)
INFO: [Synth 8-3333] propagating constant 0 across sequential element (u_ddr_calib_top/u_ddr_phy_wrcal/wrcal_sanity_chk_r_reg)
INFO: [Synth 8-3333] propagating constant 0 across sequential element (u_ddr_calib_top/u_ddr_phy_wrcal/wrcal_sanity_chk_done_reg)
WARNING: [Synth 8-3332] Sequential element (FSM_onehot_cal1_state_r_reg[33]) is unused and will be removed from module mig_7series_v4_2_ddr_phy_rdlvl.
WARNING: [Synth 8-3332] Sequential element (FSM_sequential_init_state_r_reg[6]) is unused and will be removed from module mig_7series_v4_2_ddr_phy_init.
INFO: [Synth 8-3333] propagating constant 1 across sequential element (u_ddr_calib_top/u_ddr_phy_init/\wrdq_div2_4to1_rdlvl_first.phy_wrdata_reg[95] )
INFO: [Synth 8-3333] propagating constant 0 across sequential element (u_ddr_calib_top/u_ddr_phy_init/\wrdq_div2_4to1_rdlvl_first.phy_wrdata_reg[124] )
INFO: [Synth 8-7031] Trying to map ROM "p_0_out" into Block RAM due to explicit "ram_style" or "rom_style" specification
INFO: [Synth 8-7031] Trying to map ROM "p_0_out" into Block RAM due to explicit "ram_style" or "rom_style" specification
INFO: [Synth 8-7031] Trying to map ROM "p_0_out" into Block RAM due to explicit "ram_style" or "rom_style" specification
WARNING: [Synth 8-6040] Register addr_cntr_reg_reg_rep_rep driving address of a ROM cannot be packed in BRAM/URAM because of presence of initial value.
WARNING: [Synth 8-6040] Register addr_cntr_reg_reg_rep_rep driving address of a ROM cannot be packed in BRAM/URAM because of presence of initial value.
WARNING: [Synth 8-6040] Register addr_cntr_reg_reg_rep_rep driving address of a ROM cannot be packed in BRAM/URAM because of presence of initial value.
INFO: [Synth 8-7031] Trying to map ROM "p_0_out" into Block RAM due to explicit "ram_style" or "rom_style" specification
INFO: [Synth 8-7031] Trying to map ROM "p_0_out" into Block RAM due to explicit "ram_style" or "rom_style" specification
WARNING: [Synth 8-6040] Register addr_cntr_reg_reg_rep_rep driving address of a ROM cannot be packed in BRAM/URAM because of presence of initial value.
WARNING: [Synth 8-6040] Register addr_cntr_reg_reg_rep driving address of a ROM cannot be packed in BRAM/URAM because of presence of initial value.
INFO: [Synth 8-5546] ROM "p_0_out" won't be mapped to RAM because it is too sparse
INFO: [Synth 8-5546] ROM "p_0_out" won't be mapped to RAM because it is too sparse
DSP Report: Generating DSP XADC.temp_xad_scaled_reg, operation Mode is: ((A:0x3eff3)*B'')'.
DSP Report: register XADC.temp_sync0_reg is absorbed into DSP XADC.temp_xad_scaled_reg.
DSP Report: register XADC.temp_sync_reg is absorbed into DSP XADC.temp_xad_scaled_reg.
DSP Report: register XADC.temp_xad_scaled_reg is absorbed into DSP XADC.temp_xad_scaled_reg.
DSP Report: operator multOp is absorbed into DSP XADC.temp_xad_scaled_reg.
INFO: [Synth 8-5546] ROM "temp_capped" won't be mapped to RAM because it is too sparse
INFO: [Synth 8-5546] ROM "p_0_out" won't be mapped to RAM because it is too sparse
INFO: [Synth 8-5546] ROM "temp_capped" won't be mapped to RAM because it is too sparse
INFO: [Synth 8-5546] ROM "p_0_out" won't be mapped to RAM because it is too sparse
INFO: [Synth 8-5546] ROM "temp_capped" won't be mapped to RAM because it is too sparse
INFO: [Synth 8-5546] ROM "p_0_out" won't be mapped to RAM because it is too sparse
INFO: [Synth 8-5546] ROM "temp_capped" won't be mapped to RAM because it is too sparse
INFO: [Synth 8-5546] ROM "p_0_out" won't be mapped to RAM because it is too sparse
INFO: [Synth 8-4652] Swapped enable and write-enable on 1 RAM instances of RAM sample_buf_ram_reg to conserve power
INFO: [Synth 8-3333] propagating constant 1 across sequential element (Inst_RGBLedDisplay/\RGB_LED_R_RED_COL_reg[3] )
INFO: [Synth 8-3333] propagating constant 1 across sequential element (\mic_blue_dly_reg[3] )
INFO: [Synth 8-3333] propagating constant 1 across sequential element (\rgb_r_red_col_dly_reg[3] )
INFO: [Synth 8-3333] propagating constant 0 across sequential element (\h_cntr_reg_dly_reg[11] )
INFO: [Synth 8-5544] ROM "intAn" won't be mapped to Block RAM because address size (3) smaller than threshold (5)
INFO: [Synth 8-5546] ROM "dispVal" won't be mapped to RAM because it is too sparse
INFO: [Synth 8-5544] ROM "Inst_TWICtl/state0" won't be mapped to Block RAM because address size (4) smaller than threshold (5)
INFO: [Synth 8-4471] merging register 'ADXL_Control/Cmd_Reg_Data_Addr_reg[1:0]' into 'ADXL_Control/Cmd_Reg_Data_Addr_reg[1:0]' [C:/CM/VHDL_Study_Hall/Demo_OutOfBoxHardwareShowcase/hw.srcs/sources_1/imports/src/hdl/ADXL362Ctrl.vhd:451]
WARNING: [Synth 8-6014] Unused sequential element Accel_Calculation/ACCEL_Y_SQUARE_reg was removed.  [C:/CM/VHDL_Study_Hall/Demo_OutOfBoxHardwareShowcase/hw.srcs/sources_1/imports/src/hdl/ADXL362Ctrl.vhd:806]
WARNING: [Synth 8-6014] Unused sequential element Accel_Calculation/ACCEL_Z_SQUARE_reg was removed.  [C:/CM/VHDL_Study_Hall/Demo_OutOfBoxHardwareShowcase/hw.srcs/sources_1/imports/src/hdl/ADXL362Ctrl.vhd:807]
WARNING: [Synth 8-6014] Unused sequential element Accel_Calculation/ACCEL_X_SQUARE_reg was removed.  [C:/CM/VHDL_Study_Hall/Demo_OutOfBoxHardwareShowcase/hw.srcs/sources_1/imports/src/hdl/ADXL362Ctrl.vhd:805]
INFO: [Synth 8-5544] ROM "ADXL_Control/SPI_Interface/" won't be mapped to Block RAM because address size (2) smaller than threshold (5)
INFO: [Synth 8-5544] ROM "ADXL_Control/" won't be mapped to Block RAM because address size (3) smaller than threshold (5)
INFO: [Synth 8-5544] ROM "ADXL_Control/" won't be mapped to Block RAM because address size (4) smaller than threshold (5)
INFO: [Synth 8-5544] ROM "ADXL_Control/Cmd_Reg[1]0" won't be mapped to Block RAM because address size (3) smaller than threshold (5)
DSP Report: Generating DSP Accel_Calculation/ACCEL_Y_SQUARE_reg, operation Mode is: (A2*B2)'.
DSP Report: register ADXL_Control/ACCEL_Y_reg is absorbed into DSP Accel_Calculation/ACCEL_Y_SQUARE_reg.
DSP Report: register ADXL_Control/ACCEL_Y_reg is absorbed into DSP Accel_Calculation/ACCEL_Y_SQUARE_reg.
DSP Report: register Accel_Calculation/ACCEL_Y_SQUARE_reg is absorbed into DSP Accel_Calculation/ACCEL_Y_SQUARE_reg.
DSP Report: operator Accel_Calculation/multOp is absorbed into DSP Accel_Calculation/ACCEL_Y_SQUARE_reg.
DSP Report: Generating DSP Accel_Calculation/ACCEL_Z_SQUARE_reg, operation Mode is: (A2*B2)'.
DSP Report: register ADXL_Control/ACCEL_Z_reg is absorbed into DSP Accel_Calculation/ACCEL_Z_SQUARE_reg.
DSP Report: register ADXL_Control/ACCEL_Z_reg is absorbed into DSP Accel_Calculation/ACCEL_Z_SQUARE_reg.
DSP Report: register Accel_Calculation/ACCEL_Z_SQUARE_reg is absorbed into DSP Accel_Calculation/ACCEL_Z_SQUARE_reg.
DSP Report: operator Accel_Calculation/multOp is absorbed into DSP Accel_Calculation/ACCEL_Z_SQUARE_reg.
DSP Report: Generating DSP Accel_Calculation/ACCEL_X_SQUARE_reg, operation Mode is: (A2*B2)'.
DSP Report: register ADXL_Control/ACCEL_X_reg is absorbed into DSP Accel_Calculation/ACCEL_X_SQUARE_reg.
DSP Report: register ADXL_Control/ACCEL_X_reg is absorbed into DSP Accel_Calculation/ACCEL_X_SQUARE_reg.
DSP Report: register Accel_Calculation/ACCEL_X_SQUARE_reg is absorbed into DSP Accel_Calculation/ACCEL_X_SQUARE_reg.
DSP Report: operator Accel_Calculation/multOp is absorbed into DSP Accel_Calculation/ACCEL_X_SQUARE_reg.
INFO: [Synth 8-3333] propagating constant 0 across sequential element (Inst_AccelerometerCtl/\ADXL_Control/Cmd_Reg_reg[0][7] )
INFO: [Synth 8-3333] propagating constant 1 across sequential element (Inst_TempSensorCtl/\Inst_TWICtl/currAddr_reg[4] )
INFO: [Synth 8-3333] propagating constant 0 across sequential element (Inst_TempSensorCtl/\Inst_TWICtl/currAddr_reg[5] )
INFO: [Synth 8-3333] propagating constant 1 across sequential element (Inst_MouseCtl/\x_max_reg[10] )
INFO: [Synth 8-3333] propagating constant 0 across sequential element (Inst_MouseCtl/\x_max_reg[11] )
INFO: [Synth 8-3333] propagating constant 0 across sequential element (Inst_AccelerometerCtl/\Accel_Calculation/ACCEL_MAG_SQUARE_reg[31] )
INFO: [Synth 8-3333] propagating constant 0 across sequential element (Inst_RGB/\RED_OUT_reg[7] )
INFO: [Synth 8-3333] propagating constant 0 across sequential element (Inst_AccelerometerCtl/\ADXL_Control/Cmd_Reg_reg[1][7] )
INFO: [Synth 8-3333] propagating constant 0 across sequential element (Inst_AccelerometerCtl/\ADXL_Control/Cmd_Reg_reg[2][7] )
INFO: [Synth 8-3333] propagating constant 0 across sequential element (Inst_AccelerometerCtl/\ADXL_Control/D_Send_reg[7] )
---------------------------------------------------------------------------------
Finished Cross Boundary and Area Optimization : Time (s): cpu = 00:03:10 ; elapsed = 00:03:25 . Memory (MB): peak = 3599.730 ; gain = 2826.672
---------------------------------------------------------------------------------
 Sort Area is Nexys4DdrUserDemo__GC0 Accel_Calculation/ACCEL_X_SQUARE_reg_0 : 0 0 : 1100 1100 : Used 1 time 0
 Sort Area is Nexys4DdrUserDemo__GC0 Accel_Calculation/ACCEL_Y_SQUARE_reg_3 : 0 0 : 1100 1100 : Used 1 time 0
 Sort Area is Nexys4DdrUserDemo__GC0 Accel_Calculation/ACCEL_Z_SQUARE_reg_2 : 0 0 : 1100 1100 : Used 1 time 0
 Sort Area is Vga__GC0 XADC.temp_xad_scaled_reg_0 : 0 0 : 797 797 : Used 1 time 0
---------------------------------------------------------------------------------
Start ROM, RAM, DSP, Shift Register and Retiming Reporting
---------------------------------------------------------------------------------

ROM: Preliminary Mapping Report
+------------------------------+--------------+---------------+----------------+
|Module Name                   | RTL Object   | Depth x Width | Implemented As | 
+------------------------------+--------------+---------------+----------------+
|mig_7series_v4_2_ddr_prbs_gen | mem_out      | 256x18        | LUT            | 
|MouseDisplay                  | mouserom[0]  | 256x2         | LUT            | 
|OverlayCtl                    | OVERLAY_RAM5 | 262144x1      | LUT            | 
|OverlayCtl                    | OVERLAY_RAM4 | 262144x1      | LUT            | 
|OverlayCtl                    | OVERLAY_RAM3 | 262144x1      | LUT            | 
|OverlayCtl                    | OVERLAY_RAM2 | 262144x1      | LUT            | 
|OverlayCtl                    | OVERLAY_RAM1 | 262144x1      | LUT            | 
+------------------------------+--------------+---------------+----------------+


Block RAM: Preliminary Mapping Report (see note below)
+----------------+--------------------+------------------------+---+---+------------------------+---+---+------------------+--------+--------+
|Module Name     | RTL Object         | PORT A (Depth x Width) | W | R | PORT B (Depth x Width) | W | R | Ports driving FF | RAMB18 | RAMB36 | 
+----------------+--------------------+------------------------+---+---+------------------------+---+---+------------------+--------+--------+
|Inst_MicDisplay | sample_buf_ram_reg | 2 K x 9(READ_FIRST)    | W |   | 2 K x 9(WRITE_FIRST)   |   | R | Port A and B     | 1      | 0      | 
+----------------+--------------------+------------------------+---+---+------------------------+---+---+------------------+--------+--------+

Note: The table above is a preliminary report that shows the Block RAMs at the current stage of the synthesis flow. Some Block RAMs may be reimplemented as non Block RAM primitives later in the synthesis flow. Multiple instantiated Block RAMs are reported only once. 

Distributed RAM: Preliminary Mapping Report (see note below)
+--------------------------+---------------------------------------------------------------------------------------+-----------+----------------------+--------------+
|Module Name               | RTL Object                                                                            | Inference | Size (Depth x Width) | Primitives   | 
+--------------------------+---------------------------------------------------------------------------------------+-----------+----------------------+--------------+
|\Inst_Audio/DDR/Inst_DDR  | of_pre_fifo_gen.u_ddr_of_pre_fifo/mem_reg                                             | Implied   | 16 x 80              | RAM32M x 14  | 
|\Inst_Audio/DDR/Inst_DDR  | ddr_byte_lane_A.ddr_byte_lane_A/dq_gen_40.if_post_fifo_gen.u_ddr_if_post_fifo/mem_reg | Implied   | 4 x 80               | RAM32M x 14  | 
|\Inst_Audio/DDR/Inst_DDR  | ddr_byte_lane_A.ddr_byte_lane_A/of_pre_fifo_gen.u_ddr_of_pre_fifo/mem_reg             | Implied   | 16 x 80              | RAM32M x 14  | 
|\Inst_Audio/DDR/Inst_DDR  | ddr_byte_lane_B.ddr_byte_lane_B/of_pre_fifo_gen.u_ddr_of_pre_fifo/mem_reg             | Implied   | 16 x 80              | RAM32M x 14  | 
|\Inst_Audio/DDR/Inst_DDR  | ddr_byte_lane_C.ddr_byte_lane_C/dq_gen_40.if_post_fifo_gen.u_ddr_if_post_fifo/mem_reg | Implied   | 4 x 80               | RAM32M x 14  | 
|\Inst_Audio/DDR/Inst_DDR  | ddr_byte_lane_C.ddr_byte_lane_C/of_pre_fifo_gen.u_ddr_of_pre_fifo/mem_reg             | Implied   | 16 x 80              | RAM32M x 14  | 
+--------------------------+---------------------------------------------------------------------------------------+-----------+----------------------+--------------+

Note: The table above is a preliminary report that shows the Distributed RAMs at the current stage of the synthesis flow. Some Distributed RAMs may be reimplemented as non Distributed RAM primitives later in the synthesis flow. Multiple instantiated RAMs are reported only once.

DSP: Preliminary Mapping Report (see note below. The ' indicates corresponding REG is set)
+-----------------+--------------------+--------+--------+--------+--------+--------+------+------+------+------+-------+------+------+
|Module Name      | DSP Mapping        | A Size | B Size | C Size | D Size | P Size | AREG | BREG | CREG | DREG | ADREG | MREG | PREG | 
+-----------------+--------------------+--------+--------+--------+--------+--------+------+------+------+------+-------+------+------+
|TempDisplay      | ((A:0x3eff3)*B'')' | 18     | 12     | -      | -      | 30     | 0    | 2    | -    | -    | -     | 1    | 0    | 
|AccelerometerCtl | (A2*B2)'           | 12     | 12     | -      | -      | 24     | 1    | 1    | -    | -    | -     | 1    | 0    | 
|AccelerometerCtl | (A2*B2)'           | 12     | 12     | -      | -      | 24     | 1    | 1    | -    | -    | -     | 1    | 0    | 
|AccelerometerCtl | (A2*B2)'           | 12     | 12     | -      | -      | 24     | 1    | 1    | -    | -    | -     | 1    | 0    | 
+-----------------+--------------------+--------+--------+--------+--------+--------+------+------+------+------+-------+------+------+

Note: The table above is a preliminary report that shows the DSPs inferred at the current stage of the synthesis flow. Some DSP may be reimplemented as non DSP primitives later in the synthesis flow. Multiple instantiated DSPs are reported only once.
---------------------------------------------------------------------------------
Finished ROM, RAM, DSP, Shift Register and Retiming Reporting
---------------------------------------------------------------------------------
---------------------------------------------------------------------------------
Start Applying XDC Timing Constraints
---------------------------------------------------------------------------------
WARNING: [Synth 8-3321] set_false_path : Empty through list for constraint at line 347 of c:/CM/VHDL_Study_Hall/Demo_OutOfBoxHardwareShowcase/hw.gen/sources_1/ip/ddr/ddr/user_design/constraints/ddr.xdc. [c:/CM/VHDL_Study_Hall/Demo_OutOfBoxHardwareShowcase/hw.gen/sources_1/ip/ddr/ddr/user_design/constraints/ddr.xdc:347]
---------------------------------------------------------------------------------
Finished Applying XDC Timing Constraints : Time (s): cpu = 00:03:20 ; elapsed = 00:03:35 . Memory (MB): peak = 3775.012 ; gain = 3001.953
---------------------------------------------------------------------------------
---------------------------------------------------------------------------------
Start Timing Optimization
---------------------------------------------------------------------------------
---------------------------------------------------------------------------------
Finished Timing Optimization : Time (s): cpu = 00:03:21 ; elapsed = 00:03:37 . Memory (MB): peak = 3791.320 ; gain = 3018.262
---------------------------------------------------------------------------------
---------------------------------------------------------------------------------
Start ROM, RAM, DSP, Shift Register and Retiming Reporting
---------------------------------------------------------------------------------

Block RAM: Final Mapping Report
+----------------+--------------------+------------------------+---+---+------------------------+---+---+------------------+--------+--------+
|Module Name     | RTL Object         | PORT A (Depth x Width) | W | R | PORT B (Depth x Width) | W | R | Ports driving FF | RAMB18 | RAMB36 | 
+----------------+--------------------+------------------------+---+---+------------------------+---+---+------------------+--------+--------+
|Inst_MicDisplay | sample_buf_ram_reg | 2 K x 9(READ_FIRST)    | W |   | 2 K x 9(WRITE_FIRST)   |   | R | Port A and B     | 1      | 0      | 
+----------------+--------------------+------------------------+---+---+------------------------+---+---+------------------+--------+--------+


Distributed RAM: Final Mapping Report
+--------------------------+---------------------------------------------------------------------------------------+-----------+----------------------+--------------+
|Module Name               | RTL Object                                                                            | Inference | Size (Depth x Width) | Primitives   | 
+--------------------------+---------------------------------------------------------------------------------------+-----------+----------------------+--------------+
|\Inst_Audio/DDR/Inst_DDR  | of_pre_fifo_gen.u_ddr_of_pre_fifo/mem_reg                                             | Implied   | 16 x 80              | RAM32M x 14  | 
|\Inst_Audio/DDR/Inst_DDR  | ddr_byte_lane_A.ddr_byte_lane_A/dq_gen_40.if_post_fifo_gen.u_ddr_if_post_fifo/mem_reg | Implied   | 4 x 80               | RAM32M x 14  | 
|\Inst_Audio/DDR/Inst_DDR  | ddr_byte_lane_A.ddr_byte_lane_A/of_pre_fifo_gen.u_ddr_of_pre_fifo/mem_reg             | Implied   | 16 x 80              | RAM32M x 14  | 
|\Inst_Audio/DDR/Inst_DDR  | ddr_byte_lane_B.ddr_byte_lane_B/of_pre_fifo_gen.u_ddr_of_pre_fifo/mem_reg             | Implied   | 16 x 80              | RAM32M x 14  | 
|\Inst_Audio/DDR/Inst_DDR  | ddr_byte_lane_C.ddr_byte_lane_C/dq_gen_40.if_post_fifo_gen.u_ddr_if_post_fifo/mem_reg | Implied   | 4 x 80               | RAM32M x 14  | 
|\Inst_Audio/DDR/Inst_DDR  | ddr_byte_lane_C.ddr_byte_lane_C/of_pre_fifo_gen.u_ddr_of_pre_fifo/mem_reg             | Implied   | 16 x 80              | RAM32M x 14  | 
+--------------------------+---------------------------------------------------------------------------------------+-----------+----------------------+--------------+

---------------------------------------------------------------------------------
Finished ROM, RAM, DSP, Shift Register and Retiming Reporting
---------------------------------------------------------------------------------
---------------------------------------------------------------------------------
Start Technology Mapping
---------------------------------------------------------------------------------
INFO: [Synth 8-7052] The timing for the instance Inst_VGA/Inst_MicDisplay/sample_buf_ram_reg (implemented as a Block RAM) might be sub-optimal as no optional output register could be merged into the ram block. Providing additional output register may help in improving timing.
---------------------------------------------------------------------------------
Finished Technology Mapping : Time (s): cpu = 00:03:26 ; elapsed = 00:03:41 . Memory (MB): peak = 3820.586 ; gain = 3047.527
---------------------------------------------------------------------------------
---------------------------------------------------------------------------------
Start IO Insertion
---------------------------------------------------------------------------------
---------------------------------------------------------------------------------
Start Flattening Before IO Insertion
---------------------------------------------------------------------------------
---------------------------------------------------------------------------------
Finished Flattening Before IO Insertion
---------------------------------------------------------------------------------
---------------------------------------------------------------------------------
Start Final Netlist Cleanup
---------------------------------------------------------------------------------
---------------------------------------------------------------------------------
Finished Final Netlist Cleanup
---------------------------------------------------------------------------------
---------------------------------------------------------------------------------
Finished IO Insertion : Time (s): cpu = 00:03:29 ; elapsed = 00:03:45 . Memory (MB): peak = 3820.586 ; gain = 3047.527
---------------------------------------------------------------------------------
---------------------------------------------------------------------------------
Start Renaming Generated Instances
---------------------------------------------------------------------------------
---------------------------------------------------------------------------------
Finished Renaming Generated Instances : Time (s): cpu = 00:03:29 ; elapsed = 00:03:45 . Memory (MB): peak = 3820.586 ; gain = 3047.527
---------------------------------------------------------------------------------
---------------------------------------------------------------------------------
Start Rebuilding User Hierarchy
---------------------------------------------------------------------------------
---------------------------------------------------------------------------------
Finished Rebuilding User Hierarchy : Time (s): cpu = 00:03:30 ; elapsed = 00:03:46 . Memory (MB): peak = 3820.586 ; gain = 3047.527
---------------------------------------------------------------------------------
---------------------------------------------------------------------------------
Start Renaming Generated Ports
---------------------------------------------------------------------------------
---------------------------------------------------------------------------------
Finished Renaming Generated Ports : Time (s): cpu = 00:03:30 ; elapsed = 00:03:46 . Memory (MB): peak = 3820.586 ; gain = 3047.527
---------------------------------------------------------------------------------
---------------------------------------------------------------------------------
Start Handling Custom Attributes
---------------------------------------------------------------------------------
---------------------------------------------------------------------------------
Finished Handling Custom Attributes : Time (s): cpu = 00:03:30 ; elapsed = 00:03:46 . Memory (MB): peak = 3820.586 ; gain = 3047.527
---------------------------------------------------------------------------------
---------------------------------------------------------------------------------
Start Renaming Generated Nets
---------------------------------------------------------------------------------
---------------------------------------------------------------------------------
Finished Renaming Generated Nets : Time (s): cpu = 00:03:30 ; elapsed = 00:03:46 . Memory (MB): peak = 3820.586 ; gain = 3047.527
---------------------------------------------------------------------------------
---------------------------------------------------------------------------------
Start ROM, RAM, DSP, Shift Register and Retiming Reporting
---------------------------------------------------------------------------------

Static Shift Register Report:
+------------+--------------------------------------------------------------------------------------------------------------------------------------------------------------------------------------+--------+-------+--------------+--------------------+-------------------+--------+---------+
|Module Name | RTL Name                                                                                                                                                                             | Length | Width | Reset Signal | Pull out first Reg | Pull out last Reg | SRL16E | SRLC32E | 
+------------+--------------------------------------------------------------------------------------------------------------------------------------------------------------------------------------+--------+-------+--------------+--------------------+-------------------+--------+---------+
|Vga__GC0    | Inst_MicDisplay/mic_sr_reg_reg[374]                                                                                                                                                  | 375    | 1     | NO           | NO                 | YES               | 0      | 12      | 
|ddr         | u_ddr_mig/u_memc_ui_top_std/mem_intfc0/mc0/rank_mach0/rank_common0/maintenance_request.maint_req_r_lcl_reg                                                                           | 3      | 1     | NO           | NO                 | YES               | 1      | 0       | 
|ddr         | u_ddr_mig/u_memc_ui_top_std/mem_intfc0/ddr_phy_top0/u_ddr_mc_phy_wrapper/u_ddr_mc_phy/ddr_phy_4lanes_0.u_ddr_phy_4lanes/rclk_delay_reg[11]                                           | 12     | 1     | NO           | NO                 | YES               | 1      | 0       | 
|ddr         | u_ddr_mig/u_memc_ui_top_std/mem_intfc0/ddr_phy_top0/u_ddr_mc_phy_wrapper/u_ddr_mc_phy/ddr_phy_4lanes_0.u_ddr_phy_4lanes/ddr_byte_lane_C.ddr_byte_lane_C/ddr_byte_group_io/rst_r4_reg | 4      | 1     | NO           | NO                 | YES               | 1      | 0       | 
|ddr         | u_ddr_mig/u_memc_ui_top_std/mem_intfc0/ddr_phy_top0/u_ddr_calib_top/mb_wrlvl_off.u_phy_wrlvl_off_delay/cmd_delay_start_r6_reg                                                        | 6      | 1     | NO           | NO                 | YES               | 1      | 0       | 
|ddr         | u_ddr_mig/u_memc_ui_top_std/mem_intfc0/ddr_phy_top0/u_ddr_calib_top/mb_wrlvl_off.u_phy_wrlvl_off_delay/delay_done_r4_reg                                                             | 4      | 1     | NO           | NO                 | YES               | 1      | 0       | 
|ddr         | u_ddr_mig/u_memc_ui_top_std/mem_intfc0/ddr_phy_top0/u_ddr_calib_top/mb_wrlvl_off.u_phy_wrlvl_off_delay/po_delay_done_r4_reg                                                          | 4      | 1     | NO           | NO                 | YES               | 1      | 0       | 
|ddr         | u_ddr_mig/u_memc_ui_top_std/mem_intfc0/ddr_phy_top0/u_ddr_calib_top/dqsfind_calib_left.u_ddr_phy_dqs_found_cal_hr/init_dqsfound_done_r5_reg                                          | 3      | 1     | NO           | NO                 | YES               | 1      | 0       | 
|ddr         | u_ddr_mig/u_memc_ui_top_std/mem_intfc0/ddr_phy_top0/u_ddr_calib_top/u_ddr_phy_init/prech_done_reg                                                                                    | 17     | 1     | NO           | NO                 | YES               | 1      | 0       | 
|ddr         | u_ddr_mig/u_memc_ui_top_std/mem_intfc0/ddr_phy_top0/u_ddr_calib_top/u_ddr_phy_init/wrcal_start_dly_r_reg[5]                                                                          | 6      | 1     | NO           | NO                 | YES               | 1      | 0       | 
|ddr         | u_ddr_mig/u_memc_ui_top_std/mem_intfc0/ddr_phy_top0/u_ddr_calib_top/u_ddr_phy_init/rdlvl_start_dly0_r_reg[14]                                                                        | 15     | 1     | NO           | NO                 | YES               | 1      | 0       | 
|ddr         | u_ddr_mig/u_memc_ui_top_std/mem_intfc0/ddr_phy_top0/u_ddr_calib_top/u_ddr_phy_wrcal/gen_pat_match_div4.pat_data_match_valid_r_reg                                                    | 3      | 1     | NO           | NO                 | YES               | 1      | 0       | 
|ddr         | u_ddr_mig/u_memc_ui_top_std/mem_intfc0/ddr_phy_top0/u_ddr_calib_top/u_ddr_phy_wrcal/gen_pat_match_div4.gen_pat_match[0].pat_match_rise2_r_reg[0]                                     | 3      | 4     | NO           | NO                 | YES               | 4      | 0       | 
|ddr         | u_ddr_mig/u_memc_ui_top_std/mem_intfc0/ddr_phy_top0/u_ddr_calib_top/reset_if_r9_reg                                                                                                  | 9      | 1     | NO           | NO                 | YES               | 1      | 0       | 
+------------+--------------------------------------------------------------------------------------------------------------------------------------------------------------------------------------+--------+-------+--------------+--------------------+-------------------+--------+---------+

---------------------------------------------------------------------------------
Finished ROM, RAM, DSP, Shift Register and Retiming Reporting
---------------------------------------------------------------------------------
---------------------------------------------------------------------------------
Start Writing Synthesis Report
---------------------------------------------------------------------------------

DSP Final Report (the ' indicates corresponding REG is set)
+-----------------+-------------+--------+--------+--------+--------+--------+------+------+------+------+-------+------+------+
|Module Name      | DSP Mapping | A Size | B Size | C Size | D Size | P Size | AREG | BREG | CREG | DREG | ADREG | MREG | PREG | 
+-----------------+-------------+--------+--------+--------+--------+--------+------+------+------+------+-------+------+------+
|AccelerometerCtl | (A'*B')'    | 30     | 18     | -      | -      | 24     | 1    | 1    | -    | -    | -     | 0    | 1    | 
|AccelerometerCtl | (A'*B')'    | 30     | 18     | -      | -      | 24     | 1    | 1    | -    | -    | -     | 0    | 1    | 
|AccelerometerCtl | (A'*B')'    | 30     | 18     | -      | -      | 24     | 1    | 1    | -    | -    | -     | 0    | 1    | 
|TempDisplay      | (A*B'')'    | 18     | 12     | -      | -      | 30     | 0    | 2    | -    | -    | -     | 0    | 1    | 
+-----------------+-------------+--------+--------+--------+--------+--------+------+------+------+------+-------+------+------+


Report BlackBoxes: 
+------+--------------+----------+
|      |BlackBox name |Instances |
+------+--------------+----------+
|1     |ClkGen        |         1|
|2     |Square_Root   |         1|
|3     |BRAM_1        |         1|
+------+--------------+----------+

Report Cell Usage: 
+------+----------------------+------+
|      |Cell                  |Count |
+------+----------------------+------+
|1     |BRAM_1_bbox           |     1|
|2     |ClkGen_bbox           |     1|
|3     |Square_Root_bbox      |     1|
|4     |BUFG                  |     3|
|5     |BUFH                  |     1|
|6     |BUFIO                 |     1|
|7     |CARRY4                |   571|
|8     |DSP48E1               |     4|
|10    |IDELAYCTRL            |     1|
|11    |IDELAYE2              |    16|
|12    |IN_FIFO               |     2|
|13    |ISERDESE2             |    16|
|14    |LUT1                  |   598|
|15    |LUT2                  |  1435|
|16    |LUT3                  |   997|
|17    |LUT4                  |  1346|
|18    |LUT5                  |  1429|
|19    |LUT6                  |  3650|
|20    |MMCME2_ADV            |     1|
|21    |MUXF7                 |   297|
|22    |MUXF8                 |    41|
|23    |ODDR                  |     5|
|24    |OSERDESE2             |    42|
|27    |OUT_FIFO              |     4|
|29    |PHASER_IN_PHY         |     2|
|30    |PHASER_OUT_PHY        |     4|
|32    |PHASER_REF            |     1|
|33    |PHY_CONTROL           |     1|
|34    |PLLE2_ADV             |     1|
|35    |RAM32M                |    88|
|36    |RAMB18E1              |     1|
|37    |SRL16E                |    16|
|38    |SRLC32E               |    13|
|39    |XADC                  |     1|
|40    |FDCE                  |    76|
|41    |FDPE                  |    76|
|42    |FDRE                  |  4912|
|43    |FDSE                  |   146|
|44    |IBUF                  |    24|
|45    |IOBUF                 |     4|
|46    |IOBUFDS_INTERMDISABLE |     2|
|47    |IOBUF_INTERMDISABLE   |    16|
|48    |OBUF                  |    80|
|49    |OBUFDS                |     1|
|50    |OBUFT                 |     3|
+------+----------------------+------+
---------------------------------------------------------------------------------
Finished Writing Synthesis Report : Time (s): cpu = 00:03:30 ; elapsed = 00:03:46 . Memory (MB): peak = 3820.586 ; gain = 3047.527
---------------------------------------------------------------------------------
Synthesis finished with 0 errors, 0 critical warnings and 127 warnings.
Synthesis Optimization Runtime : Time (s): cpu = 00:03:04 ; elapsed = 00:03:40 . Memory (MB): peak = 3820.586 ; gain = 3047.527
Synthesis Optimization Complete : Time (s): cpu = 00:03:31 ; elapsed = 00:03:47 . Memory (MB): peak = 3820.586 ; gain = 3047.527
INFO: [Project 1-571] Translating synthesized netlist
Netlist sorting complete. Time (s): cpu = 00:00:00 ; elapsed = 00:00:00.186 . Memory (MB): peak = 3820.586 ; gain = 0.000
INFO: [Netlist 29-17] Analyzing 1065 Unisim elements for replacement
INFO: [Netlist 29-28] Unisim Transformation completed in 0 CPU seconds
INFO: [Project 1-570] Preparing netlist for logic optimization
INFO: [Opt 31-138] Pushed 2 inverter(s) to 16 load pin(s).
Netlist sorting complete. Time (s): cpu = 00:00:00 ; elapsed = 00:00:00.004 . Memory (MB): peak = 3820.586 ; gain = 0.000
INFO: [Project 1-111] Unisim Transformation Summary:
  A total of 111 instances were transformed.
  IOBUF => IOBUF (IBUF, OBUFT): 4 instances
  IOBUFDS_INTERMDISABLE => IOBUFDS_INTERMDISABLE (IBUFDS_INTERMDISABLE_INT(x2), INV, OBUFTDS(x2)): 2 instances
  IOBUF_INTERMDISABLE => IOBUF_INTERMDISABLE (IBUF_INTERMDISABLE, OBUFT): 16 instances
  OBUFDS => OBUFDS_DUAL_BUF (INV, OBUFDS(x2)): 1 instance 
  RAM32M => RAM32M (RAMD32(x6), RAMS32(x2)): 88 instances

Synth Design complete | Checksum: d9c8fb24
INFO: [Common 17-83] Releasing license: Synthesis
582 Infos, 325 Warnings, 0 Critical Warnings and 0 Errors encountered.
synth_design completed successfully
synth_design: Time (s): cpu = 00:03:37 ; elapsed = 00:03:57 . Memory (MB): peak = 3820.586 ; gain = 3253.973
Write ShapeDB Complete: Time (s): cpu = 00:00:00 ; elapsed = 00:00:00.018 . Memory (MB): peak = 3820.586 ; gain = 0.000
INFO: [Common 17-1381] The checkpoint 'C:/CM/VHDL_Study_Hall/Demo_OutOfBoxHardwareShowcase/hw.runs/synth_1/Nexys4DdrUserDemo.dcp' has been generated.
INFO: [Vivado 12-24828] Executing command : report_utilization -file Nexys4DdrUserDemo_utilization_synth.rpt -pb Nexys4DdrUserDemo_utilization_synth.pb
INFO: [Common 17-206] Exiting Vivado at Sat May 30 15:03:21 2026...
